timestamp,video_elapsed_seconds,state,subphase,target,state_elapsed_seconds,state_timeout_seconds,transition_event,transition_reason,base_active,base_label,base_direction,base_requested_speed,base_effective_speed,target_found,confidence,error_x,bbox_height_norm,target_distance,raw_yaw_deg,yaw_control_error_deg,yaw_target_deg,depth_mean,depth_min,depth_max,completed_pickups,grabbed,retry_count,camera_available,depth_available,paused,stop_requested,last_error
1788744900.3383825,0.046701669692993164,ALIGNING,observe,bin,0.02827143669128418,,,,False,stop,stop,0.0,0.0,True,1.0,-0.02966146469116211,0.05461203257242839,1.878830374858601,-17.82573349144796,,,,,,0,True,0,True,False,False,False,
1788744900.6992414,0.35184144973754883,APPROACHING,approach_bin_forward,bin,0.3155515193939209,15.0,TARGET_ALIGNED,,True,approach_bin_forward,forward,0.6,0.6,True,1.0,-0.03261222839355469,0.05531317392985026,1.8734319940967423,-20.158884291555157,,,,,,0,True,0,True,False,False,False,
1788744901.0040243,0.655181884765625,APPROACHING,approach_bin_forward,bin,0.620328426361084,15.0,TARGET_ALIGNED,,True,approach_bin_forward,forward,0.6,0.6,True,1.0,-0.03498620986938476,0.05701122283935547,1.7837444441593147,-12.913477886510726,,,,,,0,True,0,True,False,False,False,
1788744901.3078668,0.9611644744873047,APPROACHING,approach_bin_forward,bin,0.9241364002227783,15.0,TARGET_ALIGNED,,True,approach_bin_forward,forward,0.6,0.6,True,1.0,-0.03464493751525879,0.05923474629720052,1.7310924516511113,-7.893371669481098,,,,,,0,True,0,True,False,False,False,
1788744901.6132438,1.2660362720489502,APPROACHING,approach_bin_forward,bin,1.2295506000518799,15.0,TARGET_ALIGNED,,True,approach_bin_forward,forward,0.6,0.6,True,1.0,-0.030402207374572755,0.06293369928995768,1.5898987764416088,-9.282015659428112,,,,,,0,True,0,True,False,False,False,
1788744901.9181361,1.5744740962982178,APPROACHING,approach_bin_forward,bin,1.5344717502593994,15.0,TARGET_ALIGNED,,True,approach_bin_forward,forward,0.6,0.6,True,1.0,-0.02543513774871826,0.0674578348795573,1.5223858802153591,-7.402859805607768,,,,,,0,True,0,True,False,False,False,
1788744902.2264788,1.878596544265747,APPROACHING,approach_bin_forward,bin,1.842857837677002,15.0,TARGET_ALIGNED,,True,approach_bin_forward,forward,0.6,0.6,True,1.0,-0.018647265434265137,0.07079416910807292,1.3826679987381434,-5.030814231517775,,,,,,0,True,0,True,False,False,False,
1788744902.5307336,2.18623685836792,APPROACHING,approach_bin_forward,bin,2.1470367908477783,15.0,TARGET_ALIGNED,,True,approach_bin_forward,forward,0.6,0.6,True,1.0,-0.011990976333618165,0.0811166763305664,1.2767066062375636,-18.19236451784845,,,,,,0,True,0,True,False,False,False,
1788744902.8383017,2.4940719604492188,APPROACHING,approach_bin_forward,bin,2.454608201980591,15.0,TARGET_ALIGNED,,True,approach_bin_forward,forward,0.6,0.6,True,1.0,-0.00683586597442627,0.0861978530883789,1.1769789771191383,-13.63035027383162,,,,,,0,True,0,True,False,False,False,
1788744903.1461577,2.8009467124938965,APPROACHING,approach_bin_forward,bin,2.762498140335083,15.0,TARGET_ALIGNED,,True,approach_bin_forward,forward,0.6,0.6,True,1.0,-0.0005643844604492187,0.09374539057413737,1.0886711159522122,-11.072349011049644,,,,,,0,True,0,True,False,False,False,
1788744903.4529402,3.1094512939453125,APPROACHING,approach_bin_forward,bin,3.069240093231201,15.0,TARGET_ALIGNED,,True,approach_bin_forward,forward,0.6,0.6,True,1.0,0.007827568054199218,0.10168501536051432,0.9740479353668096,-2.9504586232391667,,,,,,0,True,0,True,False,False,False,
1788744903.7614725,3.4147119522094727,APPROACHING,approach_bin_forward,bin,3.377763509750366,15.0,TARGET_ALIGNED,,True,approach_bin_forward,forward,0.6,0.6,True,1.0,0.018862128257751465,0.11251633961995443,0.8868132590077251,-7.663395499667858,,,,,,0,True,0,True,False,False,False,
1788744904.0668592,3.718932628631592,APPROACHING,approach_bin_forward,bin,3.683145761489868,15.0,TARGET_ALIGNED,,True,approach_bin_forward,forward,0.6,0.6,True,1.0,0.03398940563201904,0.12706654866536457,0.7776508111585054,-9.349635936563676,,,,,,0,True,0,True,False,False,False,
1788744904.370797,4.0219128131866455,APPROACHING,approach_bin_forward,bin,3.9870986938476562,15.0,TARGET_ALIGNED,,True,approach_bin_forward,forward,0.6,0.6,True,1.0,0.047217726707458496,0.1402039845784505,0.6940547048319577,-10.481573340978668,,,,,,0,True,0,True,False,False,False,
1788744904.6740448,4.331027984619141,APPROACHING,approach_bin_forward,bin,4.290377378463745,15.0,TARGET_ALIGNED,,True,approach_bin_forward,forward,0.6,0.6,True,1.0,0.06626648902893066,0.16446431477864584,0.5924681675494099,-9.831749393922541,,,,,,0,True,0,True,False,False,False,
1788744904.9830337,4.636183977127075,BIN_SIDE_DOCKING,arm_pose:side_view_grabbing,bin,0.15607929229736328,999.0,SIDE_DOCK_REQUIRED,,False,stop,stop,0.0,0.0,True,1.0,0.07995045185089111,0.17822367350260418,0.5393957500241326,-10.457753059288509,,,,,,0,True,0,True,False,False,False,
1788744905.2881968,4.938444375991821,BIN_SIDE_DOCKING,arm_pose:side_view_grabbing,bin,0.46123290061950684,999.0,SIDE_DOCK_REQUIRED,,False,stop,stop,0.0,0.0,True,1.0,0.07995045185089111,0.17822367350260418,0.5393957500241326,-10.457753059288509,,,,,,0,True,0,True,False,False,False,
1788744905.590505,5.240057468414307,BIN_SIDE_DOCKING,arm_pose:side_view_grabbing,bin,0.7636346817016602,999.0,SIDE_DOCK_REQUIRED,,False,stop,stop,0.0,0.0,True,1.0,0.07995045185089111,0.17822367350260418,0.5393957500241326,-10.457753059288509,,,,,,0,True,0,True,False,False,False,
1788744905.8920863,5.5440521240234375,BIN_SIDE_DOCKING,arm_pose:side_view_grabbing,bin,1.0651164054870605,999.0,SIDE_DOCK_REQUIRED,,False,stop,stop,0.0,0.0,True,1.0,0.07995045185089111,0.17822367350260418,0.5393957500241326,-10.457753059288509,,,,,,0,True,0,True,False,False,False,
1788744906.1960855,5.848954677581787,BIN_SIDE_DOCKING,arm_pose:side_view_grabbing,bin,1.3691143989562988,999.0,SIDE_DOCK_REQUIRED,,False,stop,stop,0.0,0.0,True,1.0,0.07995045185089111,0.17822367350260418,0.5393957500241326,-10.457753059288509,,,,,,0,True,0,True,False,False,False,
1788744906.5009508,6.154961585998535,BIN_SIDE_DOCKING,arm_pose:side_view_grabbing,bin,1.6739797592163086,999.0,SIDE_DOCK_REQUIRED,,False,stop,stop,0.0,0.0,True,1.0,0.07995045185089111,0.17822367350260418,0.5393957500241326,-10.457753059288509,,,,,,0,True,0,True,False,False,False,
1788744906.8070226,6.460367679595947,BIN_SIDE_DOCKING,arm_pose:side_view_grabbing,bin,1.9800524711608887,999.0,SIDE_DOCK_REQUIRED,,False,stop,stop,0.0,0.0,True,1.0,0.07995045185089111,0.17822367350260418,0.5393957500241326,-10.457753059288509,,,,,,0,True,0,True,False,False,False,
1788744907.112539,6.765699148178101,BIN_SIDE_DOCKING,arm_pose:side_view_grabbing,bin,2.2856106758117676,999.0,SIDE_DOCK_REQUIRED,,False,stop,stop,0.0,0.0,True,1.0,0.07995045185089111,0.17822367350260418,0.5393957500241326,-10.457753059288509,,,,,,0,True,0,True,False,False,False,
1788744907.4177227,7.07111382484436,BIN_SIDE_DOCKING,arm_wait:side_view_grabbing,bin,2.5907459259033203,999.0,SIDE_DOCK_REQUIRED,,False,stop,stop,0.0,0.0,True,1.0,0.07995045185089111,0.17822367350260418,0.5393957500241326,-10.457753059288509,,,,,,0,True,0,True,False,False,False,
1788744907.7231314,7.373244285583496,BIN_SIDE_DOCKING,arm_wait:side_view_grabbing,bin,2.896156072616577,999.0,SIDE_DOCK_REQUIRED,,False,stop,stop,0.0,0.0,True,1.0,0.07995045185089111,0.17822367350260418,0.5393957500241326,-10.457753059288509,,,,,,0,True,0,True,False,False,False,
1788744908.0253346,7.675396680831909,BIN_SIDE_DOCKING,arm_wait:side_view_grabbing,bin,3.198361396789551,999.0,SIDE_DOCK_REQUIRED,,False,stop,stop,0.0,0.0,True,1.0,0.07995045185089111,0.17822367350260418,0.5393957500241326,-10.457753059288509,,,,,,0,True,0,True,False,False,False,
1788744908.327445,7.97699236869812,BIN_SIDE_DOCKING,arm_wait:side_view_grabbing,bin,3.5004987716674805,999.0,SIDE_DOCK_REQUIRED,,False,stop,stop,0.0,0.0,True,1.0,0.07995045185089111,0.17822367350260418,0.5393957500241326,-10.457753059288509,,,,,,0,True,0,True,False,False,False,
1788744908.6291153,8.279417276382446,BIN_SIDE_DOCKING,arm_wait:side_view_grabbing,bin,3.8021695613861084,999.0,SIDE_DOCK_REQUIRED,,False,stop,stop,0.0,0.0,True,1.0,0.07995045185089111,0.17822367350260418,0.5393957500241326,-10.457753059288509,,,,,,0,True,0,True,False,False,False,
1788744908.9314728,8.580123901367188,BIN_SIDE_DOCKING,arm_wait:side_view_grabbing,bin,4.104499101638794,999.0,SIDE_DOCK_REQUIRED,,False,stop,stop,0.0,0.0,True,1.0,0.07995045185089111,0.17822367350260418,0.5393957500241326,-10.457753059288509,,,,,,0,True,0,True,False,False,False,
1788744909.2321267,8.88186502456665,BIN_SIDE_DOCKING,arm_wait:side_view_grabbing,bin,4.405152797698975,999.0,SIDE_DOCK_REQUIRED,,False,stop,stop,0.0,0.0,True,1.0,0.07995045185089111,0.17822367350260418,0.5393957500241326,-10.457753059288509,,,,,,0,True,0,True,False,False,False,
1788744909.5338812,9.183143615722656,BIN_SIDE_DOCKING,arm_wait:side_view_grabbing,bin,4.706903696060181,999.0,SIDE_DOCK_REQUIRED,,False,stop,stop,0.0,0.0,True,1.0,0.07995045185089111,0.17822367350260418,0.5393957500241326,-10.457753059288509,,,,,,0,True,0,True,False,False,False,
1788744909.8355381,9.488041400909424,BIN_SIDE_DOCKING,arm_wait:side_view_grabbing,bin,5.008589744567871,999.0,SIDE_DOCK_REQUIRED,,False,stop,stop,0.0,0.0,True,1.0,0.07995045185089111,0.17822367350260418,0.5393957500241326,-10.457753059288509,,,,,,0,True,0,True,False,False,False,
1788744910.140316,9.793203353881836,BIN_SIDE_DOCKING,arm_wait:side_view_grabbing,bin,5.313368320465088,999.0,SIDE_DOCK_REQUIRED,,False,stop,stop,0.0,0.0,True,1.0,0.07995045185089111,0.17822367350260418,0.5393957500241326,-10.457753059288509,,,,,,0,True,0,True,False,False,False,
1788744910.4453928,10.09580659866333,BIN_SIDE_DOCKING,arm_wait:side_view_grabbing,bin,5.6184632778167725,999.0,SIDE_DOCK_REQUIRED,,False,stop,stop,0.0,0.0,True,1.0,0.07995045185089111,0.17822367350260418,0.5393957500241326,-10.457753059288509,,,,,,0,True,0,True,False,False,False,
1788744910.7479203,10.398999691009521,BIN_SIDE_DOCKING,arm_wait:side_view_grabbing,bin,5.921000957489014,999.0,SIDE_DOCK_REQUIRED,,False,stop,stop,0.0,0.0,True,1.0,0.07995045185089111,0.17822367350260418,0.5393957500241326,-10.457753059288509,,,,,,0,True,0,True,False,False,False,
1788744911.0508595,10.701136589050293,BIN_SIDE_DOCKING,arm_wait:side_view_grabbing,bin,6.223911285400391,999.0,SIDE_DOCK_REQUIRED,,False,stop,stop,0.0,0.0,True,1.0,0.07995045185089111,0.17822367350260418,0.5393957500241326,-10.457753059288509,,,,,,0,True,0,True,False,False,False,
1788744911.3532631,11.004068613052368,BIN_SIDE_DOCKING,arm_wait:side_view_grabbing,bin,6.5263285636901855,999.0,SIDE_DOCK_REQUIRED,,False,stop,stop,0.0,0.0,True,1.0,0.07995045185089111,0.17822367350260418,0.5393957500241326,-10.457753059288509,,,,,,0,True,0,True,False,False,False,
1788744911.6560807,11.30631971359253,BIN_SIDE_DOCKING,side_entry_turn,bin,6.829116106033325,999.0,SIDE_DOCK_REQUIRED,,True,exp2_side_entry_turn,left,0.15,0.15,True,1.0,0.07995045185089111,0.17822367350260418,0.5393957500241326,-10.457753059288509,,,,,,0,True,0,True,False,False,False,
1788744911.9583962,11.607755184173584,BIN_SIDE_DOCKING,side_entry_turn,bin,7.131433010101318,999.0,SIDE_DOCK_REQUIRED,,True,exp2_side_entry_turn,left,0.15,0.15,True,1.0,0.07995045185089111,0.17822367350260418,0.5393957500241326,-10.457753059288509,,,,,,0,True,0,True,False,False,False,
1788744912.25981,11.910347938537598,BIN_SIDE_DOCKING,side_entry_turn,bin,7.432845830917358,999.0,SIDE_DOCK_REQUIRED,,True,exp2_side_entry_turn,left,0.15,0.15,True,1.0,0.07995045185089111,0.17822367350260418,0.5393957500241326,-10.457753059288509,,,,,,0,True,0,True,False,False,False,
1788744912.56242,12.214381217956543,BIN_SIDE_DOCKING,side_entry_turn,bin,7.735458612442017,999.0,SIDE_DOCK_REQUIRED,,True,exp2_side_entry_turn,left,0.15,0.15,True,1.0,0.07995045185089111,0.17822367350260418,0.5393957500241326,-10.457753059288509,,,,,,0,True,0,True,False,False,False,
1788744912.8664389,12.516011238098145,BIN_SIDE_DOCKING,side_entry_turn,bin,8.03947925567627,999.0,SIDE_DOCK_REQUIRED,,True,exp2_side_entry_turn,left,0.15,0.15,True,1.0,0.07995045185089111,0.17822367350260418,0.5393957500241326,-10.457753059288509,,,,,,0,True,0,True,False,False,False,
1788744913.1680322,12.818178653717041,BIN_SIDE_DOCKING,side_entry_turn,bin,8.341067552566528,999.0,SIDE_DOCK_REQUIRED,,True,exp2_side_entry_turn,left,0.15,0.15,True,1.0,0.07995045185089111,0.17822367350260418,0.5393957500241326,-10.457753059288509,,,,,,0,True,0,True,False,False,False,
1788744913.4702868,13.120233297348022,BIN_SIDE_DOCKING,side_entry_turn,bin,8.64332628250122,999.0,SIDE_DOCK_REQUIRED,,True,exp2_side_entry_turn,left,0.15,0.15,True,1.0,0.07995045185089111,0.17822367350260418,0.5393957500241326,-10.457753059288509,,,,,,0,True,0,True,False,False,False,
1788744913.7723,13.421748876571655,BIN_SIDE_DOCKING,side_entry_turn,bin,8.945336818695068,999.0,SIDE_DOCK_REQUIRED,,True,exp2_side_entry_turn,left,0.15,0.15,True,1.0,0.07995045185089111,0.17822367350260418,0.5393957500241326,-10.457753059288509,,,,,,0,True,0,True,False,False,False,
1788744914.0738256,13.72696304321289,BIN_SIDE_DOCKING,side_entry_turn,bin,9.246865272521973,999.0,SIDE_DOCK_REQUIRED,,True,exp2_side_entry_turn,left,0.15,0.15,True,1.0,0.07995045185089111,0.17822367350260418,0.5393957500241326,-10.457753059288509,,,,,,0,True,0,True,False,False,False,
1788744914.3789349,14.027936697006226,BIN_SIDE_DOCKING,side_entry_turn,bin,9.552096128463745,999.0,SIDE_DOCK_REQUIRED,,True,exp2_side_entry_turn,left,0.15,0.15,True,1.0,0.07995045185089111,0.17822367350260418,0.5393957500241326,-10.457753059288509,,,,,,0,True,0,True,False,False,False,
1788744914.6800315,14.329392194747925,BIN_SIDE_DOCKING,side_entry_turn,bin,9.853111743927002,999.0,SIDE_DOCK_REQUIRED,,True,exp2_side_entry_turn,left,0.15,0.15,True,1.0,0.07995045185089111,0.17822367350260418,0.5393957500241326,-10.457753059288509,,,,,,0,True,0,True,False,False,False,
1788744914.981485,14.630918979644775,BIN_SIDE_DOCKING,side_entry_turn,bin,10.154548406600952,999.0,SIDE_DOCK_REQUIRED,,True,exp2_side_entry_turn,left,0.15,0.15,True,1.0,0.07995045185089111,0.17822367350260418,0.5393957500241326,-10.457753059288509,,,,,,0,True,0,True,False,False,False,
1788744915.282976,14.932869911193848,BIN_SIDE_DOCKING,side_entry_turn,bin,10.456006288528442,999.0,SIDE_DOCK_REQUIRED,,True,exp2_side_entry_turn,left,0.15,0.15,True,1.0,0.07995045185089111,0.17822367350260418,0.5393957500241326,-10.457753059288509,,,,,,0,True,0,True,False,False,False,
1788744915.5849073,15.234600305557251,BIN_SIDE_DOCKING,side_entry_turn,bin,10.757985353469849,999.0,SIDE_DOCK_REQUIRED,,True,exp2_side_entry_turn,left,0.15,0.15,True,1.0,0.07995045185089111,0.17822367350260418,0.5393957500241326,-10.457753059288509,,,,,,0,True,0,True,False,False,False,
1788744915.886737,15.536601781845093,BIN_SIDE_DOCKING,side_entry_turn,bin,11.059816598892212,999.0,SIDE_DOCK_REQUIRED,,True,exp2_side_entry_turn,left,0.15,0.15,True,1.0,0.07995045185089111,0.17822367350260418,0.5393957500241326,-10.457753059288509,,,,,,0,True,0,True,False,False,False,
1788744916.188636,15.83818793296814,BIN_SIDE_DOCKING,side_entry_turn,bin,11.361660957336426,999.0,SIDE_DOCK_REQUIRED,,True,exp2_side_entry_turn,left,0.15,0.15,True,1.0,0.07995045185089111,0.17822367350260418,0.5393957500241326,-10.457753059288509,,,,,,0,True,0,True,False,False,False,
1788744916.4902692,16.14134979248047,BIN_SIDE_DOCKING,side_entry_turn,bin,11.663310050964355,999.0,SIDE_DOCK_REQUIRED,,True,exp2_side_entry_turn,left,0.15,0.15,True,1.0,0.07995045185089111,0.17822367350260418,0.5393957500241326,-10.457753059288509,,,,,,0,True,0,True,False,False,False,
1788744916.7934334,16.442466497421265,BIN_SIDE_DOCKING,side_entry_turn,bin,11.96647310256958,999.0,SIDE_DOCK_REQUIRED,,True,exp2_side_entry_turn,left,0.15,0.15,True,1.0,0.07995045185089111,0.17822367350260418,0.5393957500241326,-10.457753059288509,,,,,,0,True,0,True,False,False,False,
1788744917.0945435,16.743488550186157,BIN_SIDE_DOCKING,side_entry_turn,bin,12.267616987228394,999.0,SIDE_DOCK_REQUIRED,,True,exp2_side_entry_turn,left,0.15,0.15,True,1.0,0.07995045185089111,0.17822367350260418,0.5393957500241326,-10.457753059288509,,,,,,0,True,0,True,False,False,False,
1788744917.395522,17.04492425918579,BIN_SIDE_DOCKING,side_entry_turn,bin,12.568549871444702,999.0,SIDE_DOCK_REQUIRED,,True,exp2_side_entry_turn,left,0.15,0.15,True,1.0,0.07995045185089111,0.17822367350260418,0.5393957500241326,-10.457753059288509,,,,,,0,True,0,True,False,False,False,
1788744917.696967,17.347363233566284,BIN_SIDE_DOCKING,side_entry_turn,bin,12.870000839233398,999.0,SIDE_DOCK_REQUIRED,,True,exp2_side_entry_turn,left,0.15,0.15,True,1.0,0.07995045185089111,0.17822367350260418,0.5393957500241326,-10.457753059288509,,,,,,0,True,0,True,False,False,False,
1788744917.999374,17.651245832443237,BIN_SIDE_DOCKING,side_entry_turn,bin,13.172411441802979,999.0,SIDE_DOCK_REQUIRED,,True,exp2_side_entry_turn,left,0.15,0.15,True,1.0,0.07995045185089111,0.17822367350260418,0.5393957500241326,-10.457753059288509,,,,,,0,True,0,True,False,False,False,
1788744918.303321,17.953066110610962,BIN_SIDE_DOCKING,side_entry_turn,bin,13.476359128952026,999.0,SIDE_DOCK_REQUIRED,,True,exp2_side_entry_turn,left,0.15,0.15,True,1.0,0.07995045185089111,0.17822367350260418,0.5393957500241326,-10.457753059288509,,,,,,0,True,0,True,False,False,False,
1788744918.6051822,18.2564959526062,BIN_SIDE_DOCKING,side_entry_turn,bin,13.778220891952515,999.0,SIDE_DOCK_REQUIRED,,True,exp2_side_entry_turn,left,0.15,0.15,True,1.0,0.07995045185089111,0.17822367350260418,0.5393957500241326,-10.457753059288509,,,,,,0,True,0,True,False,False,False,
1788744918.9085872,18.558908462524414,BIN_SIDE_DOCKING,side_entry_turn,bin,14.081661939620972,999.0,SIDE_DOCK_REQUIRED,,True,exp2_side_entry_turn,left,0.15,0.15,True,1.0,0.07995045185089111,0.17822367350260418,0.5393957500241326,-10.457753059288509,,,,,,0,True,0,True,False,False,False,
1788744919.210836,18.86087989807129,BIN_SIDE_DOCKING,side_entry_turn,bin,14.383880138397217,999.0,SIDE_DOCK_REQUIRED,,True,exp2_side_entry_turn,left,0.15,0.15,True,1.0,0.07995045185089111,0.17822367350260418,0.5393957500241326,-10.457753059288509,,,,,,0,True,0,True,False,False,False,
1788744919.512945,19.162238359451294,BIN_SIDE_DOCKING,side_entry_turn,bin,14.68602991104126,999.0,SIDE_DOCK_REQUIRED,,True,exp2_side_entry_turn,left,0.15,0.15,True,1.0,0.07995045185089111,0.17822367350260418,0.5393957500241326,-10.457753059288509,,,,,,0,True,0,True,False,False,False,
1788744919.8142784,19.463003158569336,BIN_SIDE_DOCKING,side_entry_turn,bin,14.98734188079834,999.0,SIDE_DOCK_REQUIRED,,True,exp2_side_entry_turn,left,0.15,0.15,True,1.0,0.07995045185089111,0.17822367350260418,0.5393957500241326,-10.457753059288509,,,,,,0,True,0,True,False,False,False,
1788744920.1148396,19.763580799102783,BIN_SIDE_DOCKING,side_entry_turn,bin,15.287867307662964,999.0,SIDE_DOCK_REQUIRED,,True,exp2_side_entry_turn,left,0.15,0.15,True,1.0,0.07995045185089111,0.17822367350260418,0.5393957500241326,-10.457753059288509,,,,,,0,True,0,True,False,False,False,
1788744920.4156024,20.0638267993927,BIN_SIDE_DOCKING,side_entry_turn,bin,15.58863353729248,999.0,SIDE_DOCK_REQUIRED,,True,exp2_side_entry_turn,left,0.15,0.15,True,1.0,0.07995045185089111,0.17822367350260418,0.5393957500241326,-10.457753059288509,,,,,,0,True,0,True,False,False,False,
1788744920.715842,20.36799192428589,BIN_SIDE_DOCKING,side_entry_turn,bin,15.888869524002075,999.0,SIDE_DOCK_REQUIRED,,True,exp2_side_entry_turn,left,0.15,0.15,True,1.0,0.07995045185089111,0.17822367350260418,0.5393957500241326,-10.457753059288509,,,,,,0,True,0,True,False,False,False,
1788744921.0200117,20.66821837425232,BIN_SIDE_DOCKING,side_entry_turn,bin,16.193050146102905,999.0,SIDE_DOCK_REQUIRED,,True,exp2_side_entry_turn,left,0.15,0.15,True,1.0,0.07995045185089111,0.17822367350260418,0.5393957500241326,-10.457753059288509,,,,,,0,True,0,True,False,False,False,
1788744921.3202572,20.96914291381836,BIN_SIDE_DOCKING,side_entry_turn,bin,16.493292808532715,999.0,SIDE_DOCK_REQUIRED,,True,exp2_side_entry_turn,left,0.15,0.15,True,1.0,0.07995045185089111,0.17822367350260418,0.5393957500241326,-10.457753059288509,,,,,,0,True,0,True,False,False,False,
1788744921.6211963,21.270246028900146,BIN_SIDE_DOCKING,side_entry_turn,bin,16.794227361679077,999.0,SIDE_DOCK_REQUIRED,,True,exp2_side_entry_turn,left,0.15,0.15,True,1.0,0.07995045185089111,0.17822367350260418,0.5393957500241326,-10.457753059288509,,,,,,0,True,0,True,False,False,False,
1788744921.9223328,21.573158025741577,BIN_SIDE_DOCKING,entry_camera_settle,bin,17.095351457595825,999.0,SIDE_DOCK_REQUIRED,,False,stop,stop,0.0,0.0,True,1.0,0.07995045185089111,0.17822367350260418,0.5393957500241326,-10.457753059288509,,,,,,0,True,0,True,False,False,False,
1788744922.2252896,21.87552309036255,BIN_SIDE_DOCKING,entry_camera_settle,bin,17.398311614990234,999.0,SIDE_DOCK_REQUIRED,,False,stop,stop,0.0,0.0,True,1.0,0.07995045185089111,0.17822367350260418,0.5393957500241326,-10.457753059288509,,,,,,0,True,0,True,False,False,False,
1788744922.5275662,22.180602550506592,BIN_SIDE_DOCKING,entry_camera_discard,bin,17.70059037208557,999.0,SIDE_DOCK_REQUIRED,,False,stop,stop,0.0,0.0,True,1.0,0.07995045185089111,0.17822367350260418,0.5393957500241326,-10.457753059288509,,,,,,0,True,0,True,False,False,False,
1788744922.832671,22.484951972961426,BIN_SIDE_DOCKING,geometry_alignment,bin,18.00570797920227,999.0,SIDE_DOCK_REQUIRED,,True,exp2_center_align,backward,0.2,0.2,True,1.0,0.07995045185089111,0.17822367350260418,0.5393957500241326,-10.457753059288509,,,,,,0,True,0,True,False,False,False,
1788744923.1371682,22.78834366798401,BIN_SIDE_DOCKING,geometry_alignment,bin,18.310168266296387,999.0,SIDE_DOCK_REQUIRED,,True,exp2_center_align,backward,0.2,0.2,True,1.0,0.13716285228729247,0.14650967915852864,0.7098432398942978,-22.022603375808615,-10.293025425626803,-11.729577950181811,,,,0,True,0,True,False,False,False,
1788744923.4406335,23.092113494873047,BIN_SIDE_DOCKING,geometry_alignment,bin,18.61369228363037,999.0,SIDE_DOCK_REQUIRED,,True,exp2_center_align,backward,0.2,0.2,True,1.0,0.13716285228729247,0.14650967915852864,0.7098432398942978,-22.022603375808615,-10.293025425626803,-11.729577950181811,,,,0,True,0,True,False,False,False,
1788744923.7442167,23.397377252578735,BIN_SIDE_DOCKING,geometry_alignment,bin,18.917229890823364,999.0,SIDE_DOCK_REQUIRED,,True,exp2_center_align,backward,0.2,0.2,True,1.0,0.11592264175415039,0.14896049499511718,0.6975278033092844,-21.324961303680546,-9.595383353498734,-11.729577950181811,,,,0,True,0,True,False,False,False,
1788744924.0494277,23.701804399490356,BIN_SIDE_DOCKING,geometry_alignment,bin,19.222442388534546,999.0,SIDE_DOCK_REQUIRED,,False,stop,stop,0.0,0.0,True,1.0,0.09955151081085205,0.14914868672688802,0.6992692731954623,-19.113385118613472,-7.383807168431659,-11.729577950181811,,,,0,True,0,True,False,False,False,
1788744924.3538127,24.002959489822388,BIN_SIDE_DOCKING,geometry_alignment,bin,19.526814460754395,999.0,SIDE_DOCK_REQUIRED,,True,exp2_center_align,backward,0.2,0.2,True,1.0,0.09955151081085205,0.14914868672688802,0.6992692731954623,-19.113385118613472,-7.383807168431659,-11.729577950181811,,,,0,True,0,True,False,False,False,
1788744924.6548202,24.306572914123535,BIN_SIDE_DOCKING,geometry_alignment,bin,19.827821493148804,999.0,SIDE_DOCK_REQUIRED,,False,stop,stop,0.0,0.0,True,1.0,0.08129220008850098,0.14944012959798178,0.6940329467270635,-17.4282061208535,-5.698628170671686,-11.729577950181811,,,,0,True,0,True,False,False,False,
1788744924.958714,24.609343767166138,BIN_SIDE_DOCKING,geometry_alignment,bin,20.131725549697876,999.0,SIDE_DOCK_REQUIRED,,True,exp2_center_align,backward,0.2,0.2,True,1.0,0.08129220008850098,0.14944012959798178,0.6940329467270635,-17.4282061208535,-5.698628170671686,-11.729577950181811,,,,0,True,0,True,False,False,False,
1788744925.2614136,24.91348099708557,BIN_SIDE_DOCKING,geometry_alignment,bin,20.434401988983154,999.0,SIDE_DOCK_REQUIRED,,False,stop,stop,0.0,0.0,True,1.0,0.059733462333679196,0.1483352025349935,0.6981991102124063,-14.78381214993197,-3.05423419975016,-11.729577950181811,,,,0,True,0,True,False,False,False,
1788744925.5655441,25.218106031417847,BIN_SIDE_DOCKING,geometry_alignment,bin,20.738552570343018,999.0,SIDE_DOCK_REQUIRED,,True,exp2_center_align,backward,0.2,0.2,True,1.0,0.059733462333679196,0.1483352025349935,0.6981991102124063,-14.78381214993197,-3.05423419975016,-11.729577950181811,,,,0,True,0,True,False,False,False,
1788744925.8701851,25.524319887161255,BIN_SIDE_DOCKING,geometry_alignment,bin,21.043174982070923,999.0,SIDE_DOCK_REQUIRED,,False,stop,stop,0.0,0.0,True,1.0,0.042162322998046876,0.14856338500976562,0.6881703251634185,-15.559419641186171,-3.829841691004361,-11.729577950181811,,,,0,True,0,True,False,False,False,
1788744926.1765695,25.827698230743408,BIN_SIDE_DOCKING,geometry_alignment,bin,21.349610567092896,999.0,SIDE_DOCK_REQUIRED,,True,exp2_center_align,backward,0.2,0.2,True,1.0,0.042162322998046876,0.14856338500976562,0.6881703251634185,-15.559419641186171,-3.829841691004361,-11.729577950181811,,,,0,True,0,True,False,False,False,
1788744926.479729,26.132826566696167,BIN_SIDE_DOCKING,geometry_alignment,bin,21.652719736099243,999.0,SIDE_DOCK_REQUIRED,,False,stop,stop,0.0,0.0,True,1.0,0.0010564565658569337,0.14675858815511067,0.6910250203665784,-10.972876818618424,0.7567011315633864,-11.729577950181811,,,,0,True,0,True,False,False,False,
