candidate_index,center_x_norm,center_y_norm,area_norm,median_depth,timestamp,scenario,frame_index,candidate_count,bbox_x,bbox_y,bbox_width,bbox_height,frames,expected_count_rate,merge_rate,false_split_rate,identity_stability_rate
0,0.5,0.8080357142857143,0.08035714285714286,2.318469762802124,1788700132.4912097,clearly_separated,0,1,0,172,224,18,1,0.0,1.0,0.0,0.0
0,0.8482142857142857,0.8080357142857143,0.024394132653061226,2.299362897872925,1788700133.1816862,clearly_separated,1,2,156,172,68,18,2,0.5,0.5,0.0,0.0
1,0.28125,0.8080357142857143,0.045200892857142856,2.318952798843384,1788700133.1817572,clearly_separated,1,2,0,172,126,18,2,0.5,0.5,0.0,0.0
0,0.5,0.8080357142857143,0.08035714285714286,2.3219211101531982,1788700133.5842512,clearly_separated,2,1,0,172,224,18,3,0.3333333333333333,0.6666666666666666,0.0,0.0
0,0.8526785714285714,0.8125,0.021045918367346938,2.294173002243042,1788700133.9789999,clearly_separated,3,2,158,174,66,16,4,0.5,0.5,0.0,0.0
1,0.25892857142857145,0.8125,0.036989795918367346,2.3231613636016846,1788700133.9790714,clearly_separated,3,2,0,174,116,16,4,0.5,0.5,0.0,0.0
0,0.8392857142857143,0.8125,0.02295918367346939,2.308603525161743,1788700134.3671885,clearly_separated,4,2,152,174,72,16,5,0.6,0.4,0.0,1.0
1,0.30357142857142855,0.8080357142857143,0.04878826530612245,2.3168370723724365,1788700134.3672595,clearly_separated,4,2,0,172,136,18,5,0.6,0.4,0.0,1.0
0,0.5,0.8080357142857143,0.08035714285714286,2.308866024017334,1788700134.7537296,clearly_separated,5,1,0,172,224,18,6,0.5,0.5,0.0,1.0
0,0.29017857142857145,0.8348214285714286,0.011240433673469387,2.359577178955078,1788700135.1394715,clearly_separated,6,2,18,184,94,6,7,0.5714285714285714,0.42857142857142855,0.0,1.0
1,0.8214285714285714,0.8080357142857143,0.028698979591836735,2.307255506515503,1788700135.1395428,clearly_separated,6,2,144,172,80,18,7,0.5714285714285714,0.42857142857142855,0.0,1.0
0,0.5,0.7901785714285714,0.11607142857142858,2.2976956367492676,1788700135.5218024,clearly_separated,7,1,0,164,224,26,8,0.5,0.5,0.0,1.0
0,0.84375,0.8169642857142857,0.01953125,2.3204143047332764,1788700135.9078262,clearly_separated,8,2,154,176,70,14,9,0.5555555555555556,0.4444444444444444,0.0,1.0
1,0.2857142857142857,0.7991071428571429,0.05612244897959184,2.2884387969970703,1788700135.9079387,clearly_separated,8,2,0,168,128,22,9,0.5555555555555556,0.4444444444444444,0.0,1.0
0,0.9241071428571429,0.8214285714285714,0.008131377551020409,2.3099122047424316,1788700136.2871573,clearly_separated,9,1,190,178,34,12,10,0.5,0.5,0.0,1.0
0,0.03571428571428571,0.8258928571428571,0.0031887755102040817,2.038522243499756,1788700208.773576,clearly_separated,0,4,0,180,16,10,1,0.0,0.0,1.0,0.0
1,0.8214285714285714,0.75,0.07015306122448979,2.004619598388672,1788700208.7736604,clearly_separated,0,4,144,146,80,44,1,0.0,0.0,1.0,0.0
2,0.1875,0.5580357142857143,0.001913265306122449,1.9930192232131958,1788700208.7737088,clearly_separated,0,4,34,122,16,6,1,0.0,0.0,1.0,0.0
3,0.42857142857142855,0.5580357142857143,0.0390625,1.5508193969726562,1788700208.7737672,clearly_separated,0,4,82,90,28,70,1,0.0,0.0,1.0,0.0
0,0.05357142857142857,0.8080357142857143,0.00860969387755102,1.9783458709716797,1788700209.1746607,clearly_separated,1,4,0,172,24,18,2,0.0,0.0,1.0,0.0
1,0.8035714285714286,0.7366071428571429,0.08769132653061225,1.984918475151062,1788700209.1747394,clearly_separated,1,4,136,140,88,50,2,0.0,0.0,1.0,0.0
2,0.1875,0.5580357142857143,0.0014349489795918368,1.9355614185333252,1788700209.174788,clearly_separated,1,4,36,122,12,6,2,0.0,0.0,1.0,0.0
3,0.42857142857142855,0.5580357142857143,0.036830357142857144,1.6051435470581055,1788700209.1748478,clearly_separated,1,4,82,92,28,66,2,0.0,0.0,1.0,0.0
0,0.0625,0.7901785714285714,0.014508928571428572,1.9523556232452393,1788700209.574082,clearly_separated,2,4,0,164,28,26,3,0.0,0.0,1.0,0.0
1,0.8125,0.7366071428571429,0.08370535714285714,1.9897167682647705,1788700209.5741608,clearly_separated,2,4,140,140,84,50,3,0.0,0.0,1.0,0.0
2,0.19196428571428573,0.5580357142857143,0.0016741071428571428,1.9761924743652344,1788700209.5742118,clearly_separated,2,4,36,122,14,6,3,0.0,0.0,1.0,0.0
3,0.42410714285714285,0.5535714285714286,0.03826530612244898,1.6203126907348633,1788700209.5742714,clearly_separated,2,4,80,92,30,64,3,0.0,0.0,1.0,0.0
0,0.06696428571428571,0.7901785714285714,0.015545280612244899,1.9305928945541382,1788700209.9615417,clearly_separated,3,4,0,164,30,26,4,0.0,0.0,1.0,0.0
1,0.7946428571428571,0.7366071428571429,0.09167729591836735,1.9759372472763062,1788700209.9616191,clearly_separated,3,4,132,140,92,50,4,0.0,0.0,1.0,0.0
2,0.20089285714285715,0.5669642857142857,0.003587372448979592,1.9747647047042847,1788700209.9616706,clearly_separated,3,4,36,122,18,10,4,0.0,0.0,1.0,0.0
3,0.42410714285714285,0.5714285714285714,0.04878826530612245,1.5781869888305664,1788700209.9617329,clearly_separated,3,4,78,92,34,72,4,0.0,0.0,1.0,0.0
0,0.04017857142857143,0.8169642857142857,0.005022321428571429,2.009809732437134,1788700210.347422,clearly_separated,4,3,0,176,18,14,5,0.0,0.0,1.0,0.0
1,0.8125,0.7366071428571429,0.08370535714285714,2.0100395679473877,1788700210.3475091,clearly_separated,4,3,140,140,84,50,5,0.0,0.0,1.0,0.0
2,0.4330357142857143,0.5535714285714286,0.03316326530612245,1.6224833726882935,1788700210.3475795,clearly_separated,4,3,84,92,26,64,5,0.0,0.0,1.0,0.0
0,0.05357142857142857,0.8080357142857143,0.00860969387755102,1.9309921264648438,1788700210.7337973,clearly_separated,5,3,0,172,24,18,6,0.0,0.0,1.0,0.0
1,0.7946428571428571,0.7366071428571429,0.09167729591836735,2.001610279083252,1788700210.7338767,clearly_separated,5,3,132,140,92,50,6,0.0,0.0,1.0,0.0
2,0.42857142857142855,0.5625,0.03794642857142857,1.5960781574249268,1788700210.73394,clearly_separated,5,3,82,92,28,68,6,0.0,0.0,1.0,0.0
0,0.05357142857142857,0.8080357142857143,0.00860969387755102,1.9710630178451538,1788700211.121307,clearly_separated,6,3,0,172,24,18,7,0.0,0.0,1.0,0.0
1,0.8214285714285714,0.7366071428571429,0.07971938775510204,1.9879002571105957,1788700211.121391,clearly_separated,6,3,144,140,80,50,7,0.0,0.0,1.0,0.0
2,0.42857142857142855,0.5535714285714286,0.03571428571428571,1.6393089294433594,1788700211.1214561,clearly_separated,6,3,82,92,28,64,7,0.0,0.0,1.0,0.0
0,0.22321428571428573,0.8348214285714286,0.0009566326530612245,2.0781478881835938,1788700211.5069056,clearly_separated,7,4,46,184,8,6,8,0.0,0.0,1.0,0.0
1,0.05357142857142857,0.7991071428571429,0.010522959183673469,2.0255417823791504,1788700211.5069745,clearly_separated,7,4,0,168,24,22,8,0.0,0.0,1.0,0.0
2,0.7901785714285714,0.7366071428571429,0.0936702806122449,1.9971435070037842,1788700211.5070364,clearly_separated,7,4,130,140,94,50,8,0.0,0.0,1.0,0.0
3,0.42857142857142855,0.5714285714285714,0.04591836734693878,1.6048126220703125,1788700211.507099,clearly_separated,7,4,80,92,32,72,8,0.0,0.0,1.0,0.0
0,0.0625,0.7946428571428571,0.013392857142857142,1.959657907485962,1788700211.895822,clearly_separated,8,3,0,166,28,24,9,0.0,0.0,1.0,0.0
1,0.8258928571428571,0.7366071428571429,0.07772640306122448,1.975754976272583,1788700211.8959584,clearly_separated,8,3,146,140,78,50,9,0.0,0.0,1.0,0.0
2,0.42857142857142855,0.5491071428571429,0.03459821428571429,1.6511281728744507,1788700211.8960273,clearly_separated,8,3,82,92,28,62,9,0.0,0.0,1.0,0.0
0,0.0625,0.8080357142857143,0.010044642857142858,2.0248584747314453,1788700212.2779715,clearly_separated,9,4,0,172,28,18,10,0.0,0.0,1.0,0.0
1,0.8214285714285714,0.7366071428571429,0.07971938775510204,2.0235605239868164,1788700212.2780683,clearly_separated,9,4,144,140,80,50,10,0.0,0.0,1.0,0.0
2,0.20089285714285715,0.5580357142857143,0.0007174744897959184,2.043433666229248,1788700212.2781293,clearly_separated,9,4,42,122,6,6,10,0.0,0.0,1.0,0.0
3,0.4330357142857143,0.5535714285714286,0.03826530612244898,1.5978081226348877,1788700212.2782032,clearly_separated,9,4,82,92,30,64,10,0.0,0.0,1.0,0.0
0,0.04017857142857143,0.8080357142857143,0.0064572704081632655,1.89643132686615,1788700212.6613412,clearly_separated,10,3,0,172,18,18,11,0.0,0.0,1.0,0.0
1,0.8080357142857143,0.7455357142857143,0.07884247448979592,1.9670113325119019,1788700212.661417,clearly_separated,10,3,138,144,86,46,11,0.0,0.0,1.0,0.0
2,0.4330357142857143,0.5625,0.043048469387755105,1.5228846073150635,1788700212.6614823,clearly_separated,10,3,82,90,30,72,11,0.0,0.0,1.0,0.0
0,0.05803571428571429,0.8125,0.005739795918367347,2.0080487728118896,1788700213.0437477,clearly_separated,11,4,4,174,18,16,12,0.0,0.0,1.0,0.0
1,0.7857142857142857,0.7366071428571429,0.09566326530612244,1.9967023134231567,1788700213.043845,clearly_separated,11,4,128,140,96,50,12,0.0,0.0,1.0,0.0
2,0.1875,0.5625,0.0047831632653061226,1.948885202407837,1788700213.0439506,clearly_separated,11,4,32,120,20,12,12,0.0,0.0,1.0,0.0
3,0.42857142857142855,0.5714285714285714,0.04591836734693878,1.6121273040771484,1788700213.0440276,clearly_separated,11,4,80,92,32,72,12,0.0,0.0,1.0,0.0
0,0.0625,0.7991071428571429,0.012276785714285714,1.9333460330963135,1788700213.4281168,clearly_separated,12,3,0,168,28,22,13,0.0,0.0,1.0,0.0
1,0.8125,0.7366071428571429,0.08370535714285714,2.0188241004943848,1788700213.4281979,clearly_separated,12,3,140,140,84,50,13,0.0,0.0,1.0,0.0
2,0.4375,0.5491071428571429,0.02965561224489796,1.681443214416504,1788700213.428258,clearly_separated,12,3,86,92,24,62,13,0.0,0.0,1.0,0.0
0,0.03571428571428571,0.8214285714285714,0.003826530612244898,1.956974983215332,1788700213.8100228,clearly_separated,13,2,0,178,16,12,14,0.07142857142857142,0.0,0.9285714285714286,0.0
1,0.6785714285714286,0.6205357142857143,0.2927295918367347,1.9244368076324463,1788700213.81013,clearly_separated,13,2,80,88,144,102,14,0.07142857142857142,0.0,0.9285714285714286,0.0
0,0.0625,0.8080357142857143,0.010044642857142858,1.94685959815979,1788700214.1939118,clearly_separated,14,3,0,172,28,18,15,0.06666666666666667,0.0,0.9333333333333333,0.0
1,0.8125,0.7366071428571429,0.08370535714285714,1.9953575134277344,1788700214.1939883,clearly_separated,14,3,140,140,84,50,15,0.06666666666666667,0.0,0.9333333333333333,0.0
2,0.4330357142857143,0.5580357142857143,0.03419961734693878,1.5882835388183594,1788700214.1940503,clearly_separated,14,3,84,92,26,66,15,0.06666666666666667,0.0,0.9333333333333333,0.0
0,0.05357142857142857,0.7991071428571429,0.010522959183673469,1.9503213167190552,1788700214.5759377,clearly_separated,15,4,0,168,24,22,16,0.0625,0.0,0.9375,0.0
1,0.8214285714285714,0.75,0.07015306122448979,1.9918832778930664,1788700214.5760179,clearly_separated,15,4,144,146,80,44,16,0.0625,0.0,0.9375,0.0
2,0.1875,0.5625,0.0047831632653061226,1.973518967628479,1788700214.576069,clearly_separated,15,4,32,120,20,12,16,0.0625,0.0,0.9375,0.0
3,0.42410714285714285,0.5580357142857143,0.03946109693877551,1.6039278507232666,1788700214.5761445,clearly_separated,15,4,80,92,30,66,16,0.0625,0.0,0.9375,0.0
0,0.04017857142857143,0.8169642857142857,0.005022321428571429,1.975701093673706,1788700214.9592671,clearly_separated,16,3,0,176,18,14,17,0.058823529411764705,0.0,0.9411764705882353,0.0
1,0.8035714285714286,0.7366071428571429,0.08769132653061225,1.9728333950042725,1788700214.959344,clearly_separated,16,3,136,140,88,50,17,0.058823529411764705,0.0,0.9411764705882353,0.0
2,0.42857142857142855,0.5535714285714286,0.03571428571428571,1.6413134336471558,1788700214.9594047,clearly_separated,16,3,82,92,28,64,17,0.058823529411764705,0.0,0.9411764705882353,0.0
0,0.05357142857142857,0.7991071428571429,0.010522959183673469,2.005201816558838,1788700215.3406122,clearly_separated,17,3,0,168,24,22,18,0.05555555555555555,0.0,0.9444444444444444,0.0
1,0.7991071428571429,0.7366071428571429,0.08968431122448979,2.0308187007904053,1788700215.340693,clearly_separated,17,3,134,140,90,50,18,0.05555555555555555,0.0,0.9444444444444444,0.0
2,0.42857142857142855,0.5535714285714286,0.03794642857142857,1.626291275024414,1788700215.3407545,clearly_separated,17,3,82,90,28,68,18,0.05555555555555555,0.0,0.9444444444444444,0.0
0,0.04017857142857143,0.8169642857142857,0.005022321428571429,1.9743307828903198,1788700215.7238936,clearly_separated,18,4,0,176,18,14,19,0.05263157894736842,0.0,0.9473684210526315,0.0
1,0.7991071428571429,0.7366071428571429,0.08968431122448979,2.0012121200561523,1788700215.7240062,clearly_separated,18,4,134,140,90,50,19,0.05263157894736842,0.0,0.9473684210526315,0.0
2,0.19196428571428573,0.5535714285714286,0.002232142857142857,1.9574708938598633,1788700215.7240512,clearly_separated,18,4,36,120,14,8,19,0.05263157894736842,0.0,0.9473684210526315,0.0
3,0.42857142857142855,0.5669642857142857,0.0390625,1.596635103225708,1788700215.7241004,clearly_separated,18,4,82,92,28,70,19,0.05263157894736842,0.0,0.9473684210526315,0.0
0,0.049107142857142856,0.8080357142857143,0.007892219387755101,1.9089572429656982,1788700216.1050842,clearly_separated,19,3,0,172,22,18,20,0.05,0.0,0.95,0.0
1,0.8080357142857143,0.7366071428571429,0.08569834183673469,1.9600207805633545,1788700216.1051602,clearly_separated,19,3,138,140,86,50,20,0.05,0.0,0.95,0.0
2,0.42857142857142855,0.5491071428571429,0.047193877551020405,1.561917781829834,1788700216.1052237,clearly_separated,19,3,80,86,32,74,20,0.05,0.0,0.95,0.0
0,0.049107142857142856,0.8125,0.00701530612244898,1.9586427211761475,1788700216.4889693,clearly_separated,20,4,0,174,22,16,21,0.047619047619047616,0.0,0.9523809523809523,0.0
1,0.7857142857142857,0.7544642857142857,0.08035714285714286,1.976914644241333,1788700216.489046,clearly_separated,20,4,128,148,96,42,21,0.047619047619047616,0.0,0.9523809523809523,0.0
2,0.1875,0.5669642857142857,0.006696428571428571,1.9193483591079712,1788700216.4890995,clearly_separated,20,4,30,120,24,14,21,0.047619047619047616,0.0,0.9523809523809523,0.0
3,0.42857142857142855,0.5803571428571429,0.04846938775510204,1.549832820892334,1788700216.4891639,clearly_separated,20,4,80,92,32,76,21,0.047619047619047616,0.0,0.9523809523809523,0.0
0,0.049107142857142856,0.7991071428571429,0.009646045918367346,1.8967735767364502,1788700216.8713794,clearly_separated,21,4,0,168,22,22,22,0.045454545454545456,0.0,0.9545454545454546,0.0
1,0.8258928571428571,0.7544642857142857,0.06529017857142858,1.954689383506775,1788700216.8714576,clearly_separated,21,4,146,148,78,42,22,0.045454545454545456,0.0,0.9545454545454546,0.0
2,0.16071428571428573,0.5669642857142857,0.010044642857142858,1.9066210985183716,1788700216.871509,clearly_separated,21,4,18,120,36,14,22,0.045454545454545456,0.0,0.9545454545454546,0.0
3,0.41517857142857145,0.5669642857142857,0.04743303571428571,1.5573813915252686,1788700216.8715682,clearly_separated,21,4,76,92,34,70,22,0.045454545454545456,0.0,0.9545454545454546,0.0
0,0.044642857142857144,0.8125,0.006377551020408163,1.9699759483337402,1788700217.254928,clearly_separated,22,3,0,174,20,16,23,0.043478260869565216,0.0,0.9565217391304348,0.0
1,0.8214285714285714,0.7366071428571429,0.07971938775510204,2.0032119750976562,1788700217.2550066,clearly_separated,22,3,144,140,80,50,23,0.043478260869565216,0.0,0.9565217391304348,0.0
2,0.4330357142857143,0.5446428571428571,0.03316326530612245,1.6565183401107788,1788700217.2550669,clearly_separated,22,3,84,90,26,64,23,0.043478260869565216,0.0,0.9565217391304348,0.0
0,0.049107142857142856,0.8035714285714286,0.008769132653061224,1.9743613004684448,1788700217.6363316,clearly_separated,23,3,0,170,22,20,24,0.041666666666666664,0.0,0.9583333333333334,0.0
1,0.78125,0.7366071428571429,0.09765625,2.001096248626709,1788700217.6364117,clearly_separated,23,3,126,140,98,50,24,0.041666666666666664,0.0,0.9583333333333334,0.0
2,0.42410714285714285,0.5625,0.04878826530612245,1.5769846439361572,1788700217.6364768,clearly_separated,23,3,78,90,34,72,24,0.041666666666666664,0.0,0.9583333333333334,0.0
0,0.0625,0.8035714285714286,0.011160714285714286,1.9740995168685913,1788700218.0197268,clearly_separated,24,3,0,170,28,20,25,0.04,0.0,0.96,0.0
1,0.8214285714285714,0.7366071428571429,0.07971938775510204,2.010221004486084,1788700218.0198138,clearly_separated,24,3,144,140,80,50,25,0.04,0.0,0.96,0.0
2,0.4330357142857143,0.5535714285714286,0.03316326530612245,1.6925554275512695,1788700218.0199192,clearly_separated,24,3,84,92,26,64,25,0.04,0.0,0.96,0.0
0,0.21875,0.8348214285714286,0.0011957908163265306,1.9880709648132324,1788700218.4020658,clearly_separated,25,5,44,184,10,6,26,0.038461538461538464,0.0,0.9615384615384616,0.0
1,0.06696428571428571,0.7946428571428571,0.014349489795918368,1.9020785093307495,1788700218.4021344,clearly_separated,25,5,0,166,30,24,26,0.038461538461538464,0.0,0.9615384615384616,0.0
2,0.7678571428571429,0.7366071428571429,0.10363520408163265,1.9427769184112549,1788700218.4021966,clearly_separated,25,5,120,140,104,50,26,0.038461538461538464,0.0,0.9615384615384616,0.0
3,0.19642857142857142,0.5580357142857143,0.0009566326530612245,2.001817464828491,1788700218.4022431,clearly_separated,25,5,40,122,8,6,26,0.038461538461538464,0.0,0.9615384615384616,0.0
4,0.42857142857142855,0.59375,0.05229591836734694,1.5833842754364014,1788700218.402309,clearly_separated,25,5,80,92,32,82,26,0.038461538461538464,0.0,0.9615384615384616,0.0
0,0.05803571428571429,0.8035714285714286,0.010363520408163265,1.9785116910934448,1788700218.788665,clearly_separated,26,4,0,170,26,20,27,0.037037037037037035,0.0,0.9629629629629629,0.0
1,0.7991071428571429,0.75,0.07892219387755102,1.9910129308700562,1788700218.7887478,clearly_separated,26,4,134,146,90,44,27,0.037037037037037035,0.0,0.9629629629629629,0.0
2,0.19642857142857142,0.5758928571428571,0.011479591836734694,1.9508767127990723,1788700218.7888036,clearly_separated,26,4,28,120,32,18,27,0.037037037037037035,0.0,0.9629629629629629,0.0
3,0.41517857142857145,0.5580357142857143,0.04472257653061224,1.634296178817749,1788700218.788869,clearly_separated,26,4,76,92,34,66,27,0.037037037037037035,0.0,0.9629629629629629,0.0
0,0.049107142857142856,0.8125,0.00701530612244898,1.972665548324585,1788700219.1699963,clearly_separated,27,3,0,174,22,16,28,0.03571428571428571,0.0,0.9642857142857143,0.0
1,0.8035714285714286,0.7366071428571429,0.08769132653061225,1.9814525842666626,1788700219.170073,clearly_separated,27,3,136,140,88,50,28,0.03571428571428571,0.0,0.9642857142857143,0.0
2,0.42410714285714285,0.5580357142857143,0.03946109693877551,1.601677417755127,1788700219.1701343,clearly_separated,27,3,80,92,30,66,28,0.03571428571428571,0.0,0.9642857142857143,0.0
0,0.049107142857142856,0.8080357142857143,0.007892219387755101,1.9499845504760742,1788700219.5546145,clearly_separated,28,3,0,172,22,18,29,0.034482758620689655,0.0,0.9655172413793104,0.0
1,0.8169642857142857,0.7366071428571429,0.0817123724489796,1.9941853284835815,1788700219.5546932,clearly_separated,28,3,142,140,82,50,29,0.034482758620689655,0.0,0.9655172413793104,0.0
2,0.4330357142857143,0.5491071428571429,0.032126913265306124,1.6299768686294556,1788700219.5547557,clearly_separated,28,3,84,92,26,62,29,0.034482758620689655,0.0,0.9655172413793104,0.0
0,0.04017857142857143,0.8214285714285714,0.00430484693877551,1.9898203611373901,1788700219.9364126,clearly_separated,29,4,0,178,18,12,30,0.03333333333333333,0.0,0.9666666666666667,0.0
1,0.8080357142857143,0.7366071428571429,0.08569834183673469,1.9860469102859497,1788700219.9364939,clearly_separated,29,4,138,140,86,50,30,0.03333333333333333,0.0,0.9666666666666667,0.0
2,0.18303571428571427,0.5580357142857143,0.002152423469387755,1.9635518789291382,1788700219.9365437,clearly_separated,29,4,32,122,18,6,30,0.03333333333333333,0.0,0.9666666666666667,0.0
3,0.42857142857142855,0.5580357142857143,0.036830357142857144,1.6099796295166016,1788700219.936603,clearly_separated,29,4,82,92,28,66,30,0.03333333333333333,0.0,0.9666666666666667,0.0
0,0.049107142857142856,0.8080357142857143,0.007892219387755101,1.9657509326934814,1788700220.3193705,clearly_separated,30,3,0,172,22,18,31,0.03225806451612903,0.0,0.967741935483871,0.0
1,0.78125,0.7321428571428571,0.1015625,1.9470463991165161,1788700220.3194585,clearly_separated,30,3,126,138,98,52,31,0.03225806451612903,0.0,0.967741935483871,0.0
2,0.42857142857142855,0.5669642857142857,0.047193877551020405,1.5760868787765503,1788700220.3195283,clearly_separated,30,3,80,90,32,74,31,0.03225806451612903,0.0,0.967741935483871,0.0
0,0.04017857142857143,0.8080357142857143,0.0064572704081632655,1.969024658203125,1788700220.7010322,clearly_separated,31,4,0,172,18,18,32,0.03125,0.0,0.96875,0.0
1,0.8035714285714286,0.7366071428571429,0.08769132653061225,1.9473422765731812,1788700220.7011087,clearly_separated,31,4,136,140,88,50,32,0.03125,0.0,0.96875,0.0
2,0.19196428571428573,0.5580357142857143,0.0007174744897959184,1.9876810312271118,1788700220.7011578,clearly_separated,31,4,40,122,6,6,32,0.03125,0.0,0.96875,0.0
3,0.4375,0.5535714285714286,0.03794642857142857,1.5733118057250977,1788700220.701218,clearly_separated,31,4,84,90,28,68,32,0.03125,0.0,0.96875,0.0
0,0.044642857142857144,0.8080357142857143,0.007174744897959184,1.9947519302368164,1788700221.0848236,clearly_separated,32,3,0,172,20,18,33,0.030303030303030304,0.0,0.9696969696969697,0.0
1,0.8080357142857143,0.7366071428571429,0.08569834183673469,1.9823954105377197,1788700221.0849714,clearly_separated,32,3,138,140,86,50,33,0.030303030303030304,0.0,0.9696969696969697,0.0
2,0.4375,0.5491071428571429,0.036830357142857144,1.580700397491455,1788700221.0850961,clearly_separated,32,3,84,90,28,66,33,0.030303030303030304,0.0,0.9696969696969697,0.0
0,0.0625,0.8035714285714286,0.011160714285714286,1.960080623626709,1788700221.4664216,clearly_separated,33,4,0,170,28,20,34,0.029411764705882353,0.0,0.9705882352941176,0.0
1,0.78125,0.7410714285714286,0.09375,1.9690437316894531,1788700221.4665003,clearly_separated,33,4,126,142,98,48,34,0.029411764705882353,0.0,0.9705882352941176,0.0
2,0.19642857142857142,0.5580357142857143,0.0009566326530612245,1.970968246459961,1788700221.4665499,clearly_separated,33,4,40,122,8,6,34,0.029411764705882353,0.0,0.9705882352941176,0.0
3,0.42410714285714285,0.5803571428571429,0.05149872448979592,1.5760294198989868,1788700221.4666126,clearly_separated,33,4,78,92,34,76,34,0.029411764705882353,0.0,0.9705882352941176,0.0
0,0.049107142857142856,0.8080357142857143,0.007892219387755101,1.9914770126342773,1788700221.8497958,clearly_separated,34,3,0,172,22,18,35,0.02857142857142857,0.0,0.9714285714285714,0.0
1,0.7901785714285714,0.7366071428571429,0.0936702806122449,2.018627166748047,1788700221.849872,clearly_separated,34,3,130,140,94,50,35,0.02857142857142857,0.0,0.9714285714285714,0.0
2,0.42857142857142855,0.5580357142857143,0.036830357142857144,1.6118236780166626,1788700221.8499365,clearly_separated,34,3,82,92,28,66,35,0.02857142857142857,0.0,0.9714285714285714,0.0
0,0.049107142857142856,0.8125,0.00701530612244898,1.9219322204589844,1788700222.2313023,clearly_separated,35,4,0,174,22,16,36,0.027777777777777776,0.0,0.9722222222222222,0.0
1,0.8214285714285714,0.7366071428571429,0.07971938775510204,1.969082236289978,1788700222.2313771,clearly_separated,35,4,144,140,80,50,36,0.027777777777777776,0.0,0.9722222222222222,0.0
2,0.19642857142857142,0.5580357142857143,0.0014349489795918368,1.9563324451446533,1788700222.231426,clearly_separated,35,4,38,122,12,6,36,0.027777777777777776,0.0,0.9722222222222222,0.0
3,0.42857142857142855,0.5535714285714286,0.03571428571428571,1.5642108917236328,1788700222.2314856,clearly_separated,35,4,82,92,28,64,36,0.027777777777777776,0.0,0.9722222222222222,0.0
0,0.04017857142857143,0.8169642857142857,0.005022321428571429,1.974678635597229,1788700222.614298,clearly_separated,36,3,0,176,18,14,37,0.02702702702702703,0.0,0.972972972972973,0.0
1,0.8035714285714286,0.7366071428571429,0.08769132653061225,1.9801025390625,1788700222.6144001,clearly_separated,36,3,136,140,88,50,37,0.02702702702702703,0.0,0.972972972972973,0.0
2,0.4330357142857143,0.5580357142857143,0.03627232142857143,1.5699940919876099,1788700222.614469,clearly_separated,36,3,84,90,26,70,37,0.02702702702702703,0.0,0.972972972972973,0.0
0,0.044642857142857144,0.8169642857142857,0.005580357142857143,2.0470333099365234,1788700222.9962735,clearly_separated,37,3,0,176,20,14,38,0.02631578947368421,0.0,0.9736842105263158,0.0
1,0.8080357142857143,0.7366071428571429,0.08569834183673469,1.994542121887207,1788700222.9963512,clearly_separated,37,3,138,140,86,50,38,0.02631578947368421,0.0,0.9736842105263158,0.0
2,0.42857142857142855,0.5535714285714286,0.03571428571428571,1.6085526943206787,1788700222.9964123,clearly_separated,37,3,82,92,28,64,38,0.02631578947368421,0.0,0.9736842105263158,0.0
0,0.05357142857142857,0.7991071428571429,0.010522959183673469,1.9088163375854492,1788700223.3793662,clearly_separated,38,4,0,168,24,22,39,0.02564102564102564,0.0,0.9743589743589743,0.0
1,0.7857142857142857,0.7366071428571429,0.09566326530612244,1.9292314052581787,1788700223.3794568,clearly_separated,38,4,128,140,96,50,39,0.02564102564102564,0.0,0.9743589743589743,0.0
2,0.20089285714285715,0.5580357142857143,0.0016741071428571428,1.9549590349197388,1788700223.3795109,clearly_separated,38,4,38,122,14,6,39,0.02564102564102564,0.0,0.9743589743589743,0.0
3,0.42857142857142855,0.5669642857142857,0.047193877551020405,1.5521190166473389,1788700223.3796213,clearly_separated,38,4,80,90,32,74,39,0.02564102564102564,0.0,0.9743589743589743,0.0
0,0.049107142857142856,0.8080357142857143,0.007892219387755101,1.9911160469055176,1788700223.7617476,clearly_separated,39,4,0,172,22,18,40,0.025,0.0,0.975,0.0
1,0.8125,0.7366071428571429,0.08370535714285714,2.0282082557678223,1788700223.7618248,clearly_separated,39,4,140,140,84,50,40,0.025,0.0,0.975,0.0
2,0.19196428571428573,0.5580357142857143,0.0007174744897959184,2.025259256362915,1788700223.7618752,clearly_separated,39,4,40,122,6,6,40,0.025,0.0,0.975,0.0
3,0.42857142857142855,0.5535714285714286,0.03571428571428571,1.6860841512680054,1788700223.761933,clearly_separated,39,4,82,92,28,64,40,0.025,0.0,0.975,0.0
