timestamp,frame_index,detection_count,maximum_visible_cans,mapped_this_frame,known_can_count,show_vague_map,merge_radius_m,known_cans_json,detection_index,confidence,center_x,center_y,error_x
1788708785.8559332,113,1,1,1,1,True,0.3,"[{""can_id"": 1, ""confidence"": 0.9307735562324524, ""last_seen_at"": 1788708785.5683537, ""observations"": 1, ""position"": {""x_m"": 0.0027015348585856455, ""y_m"": 0.2201150340927574}}]",0,0.9307735562324524,163.75025177001953,130.46940994262695,0.011719536781311036
1788708786.4352374,114,1,1,1,1,True,0.3,"[{""can_id"": 1, ""confidence"": 0.9648551344871521, ""last_seen_at"": 1788708786.3746192, ""observations"": 2, ""position"": {""x_m"": 0.002725969220289321, ""y_m"": 0.21885224118612556}}]",0,0.9648551344871521,163.86239624023438,130.4278335571289,0.012069988250732421
1788708786.8943565,115,1,1,1,1,True,0.3,"[{""can_id"": 1, ""confidence"": 0.9648551344871521, ""last_seen_at"": 1788708786.8495479, ""observations"": 3, ""position"": {""x_m"": 0.0026663523588478116, ""y_m"": 0.21993424116606788}}]",0,0.9145200848579407,163.50434112548828,130.97385025024414,0.010951066017150879
1788708787.3397672,116,1,1,1,1,True,0.3,"[{""can_id"": 1, ""confidence"": 0.9648551344871521, ""last_seen_at"": 1788708787.3014367, ""observations"": 4, ""position"": {""x_m"": 0.0026717257252968354, ""y_m"": 0.2199353049955688}}]",0,0.9462500810623169,163.73424530029297,130.3382453918457,0.011669516563415527
1788708787.7775502,117,1,1,1,1,True,0.3,"[{""can_id"": 1, ""confidence"": 0.9648551344871521, ""last_seen_at"": 1788708787.7446182, ""observations"": 5, ""position"": {""x_m"": 0.002720915937771897, ""y_m"": 0.22192423629916055}}]",0,0.9298236966133118,163.87823486328125,130.89516067504883,0.012119483947753907
1788708788.209927,118,1,1,1,1,True,0.3,"[{""can_id"": 1, ""confidence"": 0.9648551344871521, ""last_seen_at"": 1788708788.1778305, ""observations"": 6, ""position"": {""x_m"": 0.0026462252337280507, ""y_m"": 0.21758452694540323}}]",0,0.929632306098938,163.5453109741211,130.75312042236328,0.011079096794128418
1788708788.6426854,119,1,1,1,1,True,0.3,"[{""can_id"": 1, ""confidence"": 0.9648551344871521, ""last_seen_at"": 1788708788.6108713, ""observations"": 7, ""position"": {""x_m"": 0.0026620051164559116, ""y_m"": 0.21556567401646648}}]",0,0.9496226906776428,164.14017486572266,130.26134872436523,0.0129380464553833
1788708789.0772128,120,1,1,1,1,True,0.3,"[{""can_id"": 1, ""confidence"": 0.9648551344871521, ""last_seen_at"": 1788708789.0446665, ""observations"": 8, ""position"": {""x_m"": 0.0027035012189359506, ""y_m"": 0.2161560818338198}}]",0,0.8974258899688721,164.15288543701172,130.0290756225586,0.01297776699066162
1788708789.5125146,121,1,1,1,1,True,0.3,"[{""can_id"": 1, ""confidence"": 0.9648551344871521, ""last_seen_at"": 1788708789.4806933, ""observations"": 9, ""position"": {""x_m"": 0.002783981549177107, ""y_m"": 0.21830181030855852}}]",0,0.9179669618606567,164.44813537597656,131.17818450927734,0.013900423049926757
1788708789.9461324,122,1,1,1,1,True,0.3,"[{""can_id"": 1, ""confidence"": 0.9648551344871521, ""last_seen_at"": 1788708789.914429, ""observations"": 10, ""position"": {""x_m"": 0.0027992579784529327, ""y_m"": 0.21760298055078353}}]",0,0.9507778882980347,164.24651336669922,130.3933219909668,0.013270354270935059
1788708790.3943408,123,1,1,1,1,True,0.3,"[{""can_id"": 1, ""confidence"": 0.9648551344871521, ""last_seen_at"": 1788708790.3472917, ""observations"": 11, ""position"": {""x_m"": 0.002866791790160785, ""y_m"": 0.21915341275787178}}]",0,0.8814109563827515,164.6123046875,133.29508209228516,0.0144134521484375
1788708790.8300455,124,1,1,1,1,True,0.3,"[{""can_id"": 1, ""confidence"": 0.9648551344871521, ""last_seen_at"": 1788708790.797408, ""observations"": 12, ""position"": {""x_m"": 0.0028742035059753507, ""y_m"": 0.21950995319214164}}]",0,0.9083743095397949,164.04218292236328,130.86400985717773,0.012631821632385253
1788708791.2627914,125,1,1,1,1,True,0.3,"[{""can_id"": 1, ""confidence"": 0.9648551344871521, ""last_seen_at"": 1788708791.2306063, ""observations"": 13, ""position"": {""x_m"": 0.002890505396184753, ""y_m"": 0.22139271288271817}}]",0,0.8956596851348877,163.86498260498047,130.31964874267578,0.012078070640563964
1788708791.6943047,126,1,1,1,1,True,0.3,"[{""can_id"": 1, ""confidence"": 0.9648551344871521, ""last_seen_at"": 1788708791.6631808, ""observations"": 14, ""position"": {""x_m"": 0.0029462500458986404, ""y_m"": 0.22316216466224628}}]",0,0.8614799976348877,164.55657958984375,127.96196746826172,0.014239311218261719
1788708792.1258414,127,1,1,1,1,True,0.3,"[{""can_id"": 1, ""confidence"": 0.9648551344871521, ""last_seen_at"": 1788708792.0949528, ""observations"": 15, ""position"": {""x_m"": 0.0029137391734566365, ""y_m"": 0.22410809884868846}}]",0,0.896251380443573,163.16519165039062,130.38395309448242,0.009891223907470704
1788708792.5631847,128,1,1,1,1,True,0.3,"[{""can_id"": 1, ""confidence"": 0.9648551344871521, ""last_seen_at"": 1788708792.5307899, ""observations"": 16, ""position"": {""x_m"": 0.002886023286739479, ""y_m"": 0.22585340076321636}}]",0,0.9121627807617188,162.99500274658203,127.79288482666016,0.009359383583068847
1788708792.9955103,129,1,1,1,1,True,0.3,"[{""can_id"": 1, ""confidence"": 0.9648551344871521, ""last_seen_at"": 1788708792.9642084, ""observations"": 17, ""position"": {""x_m"": 0.0028497929756809044, ""y_m"": 0.2251905145731867}}]",0,0.922307550907135,163.23261260986328,131.11046981811523,0.010101914405822754
1788708793.4286907,130,1,1,1,1,True,0.3,"[{""can_id"": 1, ""confidence"": 0.9648551344871521, ""last_seen_at"": 1788708793.3964558, ""observations"": 18, ""position"": {""x_m"": 0.0028061923533178063, ""y_m"": 0.2257594904594592}}]",0,0.9285061359405518,162.68016052246094,130.54769897460938,0.00837550163269043
1788708793.8611186,131,1,1,1,1,True,0.3,"[{""can_id"": 1, ""confidence"": 0.9648551344871521, ""last_seen_at"": 1788708793.8306012, ""observations"": 19, ""position"": {""x_m"": 0.002778287493817224, ""y_m"": 0.2266691159227051}}]",0,0.9123191237449646,162.86153411865234,131.14488983154297,0.008942294120788574
1788708794.2935634,132,1,1,1,1,True,0.3,"[{""can_id"": 1, ""confidence"": 0.9648551344871521, ""last_seen_at"": 1788708794.2629275, ""observations"": 20, ""position"": {""x_m"": 0.002757556833629718, ""y_m"": 0.22677643427520425}}]",0,0.9334004521369934,163.1565170288086,130.60731506347656,0.009864115715026855
1788708794.7278168,133,1,1,1,1,True,0.3,"[{""can_id"": 1, ""confidence"": 0.9648551344871521, ""last_seen_at"": 1788708794.6959348, ""observations"": 21, ""position"": {""x_m"": 0.002737430892080676, ""y_m"": 0.22647041845642576}}]",0,0.883084774017334,163.2378921508789,130.61348724365234,0.010118412971496581
1788708795.160974,134,1,1,1,1,True,0.3,"[{""can_id"": 1, ""confidence"": 0.9648551344871521, ""last_seen_at"": 1788708795.128677, ""observations"": 22, ""position"": {""x_m"": 0.002714860164413402, ""y_m"": 0.22664598771728672}}]",0,0.904902994632721,162.9728240966797,130.20703125,0.009290075302124024
1788708795.5952086,135,1,1,1,1,True,0.3,"[{""can_id"": 1, ""confidence"": 0.9648551344871521, ""last_seen_at"": 1788708795.563791, ""observations"": 23, ""position"": {""x_m"": 0.0026900466525631413, ""y_m"": 0.22577552736406292}}]",0,0.9394150376319885,163.17086029052734,129.82728576660156,0.009908938407897949
1788708796.0273066,136,1,1,1,1,True,0.3,"[{""can_id"": 1, ""confidence"": 0.9648551344871521, ""last_seen_at"": 1788708795.9971368, ""observations"": 24, ""position"": {""x_m"": 0.002655258452658205, ""y_m"": 0.22525870917681914}}]",0,0.9577545523643494,162.65673065185547,130.6603012084961,0.00830228328704834
1788708796.461088,137,1,1,1,1,True,0.3,"[{""can_id"": 1, ""confidence"": 0.9648551344871521, ""last_seen_at"": 1788708796.429988, ""observations"": 25, ""position"": {""x_m"": 0.0027433533318526647, ""y_m"": 0.2252584119160076}}]",0,0.6521583795547485,166.58887481689453,129.32582092285156,0.02059023380279541
1788708796.895472,138,1,1,1,1,True,0.3,"[{""can_id"": 1, ""confidence"": 0.9648551344871521, ""last_seen_at"": 1788708796.8637958, ""observations"": 26, ""position"": {""x_m"": 0.002492349160935357, ""y_m"": 0.22588889304622134}}]",0,0.7745833992958069,155.2169418334961,129.9932098388672,-0.014947056770324707
1788708797.3281813,139,1,1,1,1,True,0.3,"[{""can_id"": 1, ""confidence"": 0.9982590079307556, ""last_seen_at"": 1788708797.2972834, ""observations"": 27, ""position"": {""x_m"": 0.001969125944135407, ""y_m"": 0.2248938778487729}}]",0,0.9982590079307556,142.15660858154297,133.05470275878906,-0.05576059818267822
1788708797.7617874,140,1,1,1,1,True,0.3,"[{""can_id"": 1, ""confidence"": 0.9982590079307556, ""last_seen_at"": 1788708797.7305336, ""observations"": 28, ""position"": {""x_m"": 0.0014186071432738384, ""y_m"": 0.22442681372682172}}]",0,0.9948302507400513,140.6289176940918,133.69815063476562,-0.06053463220596313
1788708798.195177,141,1,1,1,1,True,0.3,"[{""can_id"": 1, ""confidence"": 0.9996345043182373, ""last_seen_at"": 1788708798.1640382, ""observations"": 29, ""position"": {""x_m"": 0.0008950020602781398, ""y_m"": 0.22454045426646693}}]",0,0.9996345043182373,141.55012893676758,134.24276733398438,-0.05765584707260132
1788708798.6310017,142,1,1,1,1,True,0.3,"[{""can_id"": 1, ""confidence"": 0.9996345043182373, ""last_seen_at"": 1788708798.598527, ""observations"": 30, ""position"": {""x_m"": 0.00040603308619327467, ""y_m"": 0.22462379279268146}}]",0,0.999576985836029,141.4839630126953,134.38862991333008,-0.05786261558532715
1788708799.0651212,143,1,1,1,1,True,0.3,"[{""can_id"": 1, ""confidence"": 0.9996345043182373, ""last_seen_at"": 1788708799.0317652, ""observations"": 31, ""position"": {""x_m"": -8.883890748803479e-06, ""y_m"": 0.22400613526916305}}]",0,0.9987478256225586,141.49792098999023,133.9527473449707,-0.05781899690628052
1788708799.498714,144,1,1,1,1,True,0.3,"[{""can_id"": 1, ""confidence"": 0.9996345043182373, ""last_seen_at"": 1788708799.467427, ""observations"": 32, ""position"": {""x_m"": -0.0003813016967712325, ""y_m"": 0.2232764008159744}}]",0,0.9995827078819275,141.85881805419922,134.31125259399414,-0.05669119358062744
1788708799.9379067,145,2,2,2,1,True,0.3,"[{""can_id"": 1, ""confidence"": 0.9998252391815186, ""last_seen_at"": 1788708799.9041843, ""observations"": 34, ""position"": {""x_m"": 0.000578086725032909, ""y_m"": 0.22377075460559473}}]",0,0.9998252391815186,143.53486251831055,135.16483688354492,-0.05145355463027954
1788708799.9379067,145,2,2,2,1,True,0.3,"[{""can_id"": 1, ""confidence"": 0.9998252391815186, ""last_seen_at"": 1788708799.9041843, ""observations"": 34, ""position"": {""x_m"": 0.000578086725032909, ""y_m"": 0.22377075460559473}}]",1,0.27589723467826843,211.9612274169922,126.39887237548828,0.16237883567810057
1788708800.3712783,146,1,2,1,1,True,0.3,"[{""can_id"": 1, ""confidence"": 0.9998252391815186, ""last_seen_at"": 1788708800.3385801, ""observations"": 35, ""position"": {""x_m"": 0.0003699375360703986, ""y_m"": 0.2231609207688165}}]",0,0.9997004866600037,149.87879943847656,135.67714309692383,-0.031628751754760744
1788708800.8104222,147,1,2,1,1,True,0.3,"[{""can_id"": 1, ""confidence"": 0.9999728202819824, ""last_seen_at"": 1788708800.7785397, ""observations"": 36, ""position"": {""x_m"": 6.197756491577528e-05, ""y_m"": 0.22273461616422802}}]",0,0.9999728202819824,144.25582122802734,134.11396026611328,-0.04920055866241455
1788708801.2432048,148,1,2,1,1,True,0.3,"[{""can_id"": 1, ""confidence"": 0.9999728202819824, ""last_seen_at"": 1788708801.212102, ""observations"": 37, ""position"": {""x_m"": -0.0005271438878201322, ""y_m"": 0.2222790600448163}}]",0,0.9998035430908203,127.85796356201172,137.4246597290039,-0.10044386386871337
1788708801.6778467,149,1,2,1,1,True,0.3,"[{""can_id"": 1, ""confidence"": 0.9999728202819824, ""last_seen_at"": 1788708801.6459434, ""observations"": 38, ""position"": {""x_m"": -0.0010399574048205282, ""y_m"": 0.22179755302252635}}]",0,0.999957799911499,130.11334991455078,134.1810302734375,-0.0933957815170288
1788708802.1107569,150,1,2,1,1,True,0.3,"[{""can_id"": 1, ""confidence"": 0.9999728202819824, ""last_seen_at"": 1788708802.0796242, ""observations"": 39, ""position"": {""x_m"": -0.0015085146094330822, ""y_m"": 0.22120075784025425}}]",0,0.9999412298202515,130.36450576782227,134.24059295654297,-0.09261091947555541
1788708802.5443428,151,1,2,1,1,True,0.3,"[{""can_id"": 1, ""confidence"": 0.9999728202819824, ""last_seen_at"": 1788708802.5143065, ""observations"": 40, ""position"": {""x_m"": -0.0019681017914331316, ""y_m"": 0.22076251650609358}}]",0,0.999934196472168,130.2494354248047,133.8651237487793,-0.09297051429748535
1788708802.9790902,152,1,2,1,1,True,0.3,"[{""can_id"": 1, ""confidence"": 0.9999728202819824, ""last_seen_at"": 1788708802.9477568, ""observations"": 41, ""position"": {""x_m"": -0.002421072467135482, ""y_m"": 0.2204813522143944}}]",0,0.9999362230300903,130.0982551574707,133.99100494384766,-0.09344295263290406
1788708803.414741,153,1,2,1,1,True,0.3,"[{""can_id"": 1, ""confidence"": 0.9999728202819824, ""last_seen_at"": 1788708803.3827195, ""observations"": 42, ""position"": {""x_m"": -0.002841902494299297, ""y_m"": 0.2201417797845408}}]",0,0.9999265670776367,130.3154067993164,134.46248626708984,-0.09276435375213624
1788708803.8491337,154,1,2,1,1,True,0.3,"[{""can_id"": 1, ""confidence"": 0.9999728202819824, ""last_seen_at"": 1788708803.8167143, ""observations"": 43, ""position"": {""x_m"": -0.0032354867599395467, ""y_m"": 0.21972385442377382}}]",0,0.9999328851699829,130.21868896484375,133.97636032104492,-0.09306659698486328
1788708804.281887,155,1,2,1,1,True,0.3,"[{""can_id"": 1, ""confidence"": 0.9999728202819824, ""last_seen_at"": 1788708804.2509098, ""observations"": 44, ""position"": {""x_m"": -0.0036449472822806567, ""y_m"": 0.2191391448425151}}]",0,0.9948902130126953,126.65785217285156,139.64305114746094,-0.10419421195983887
1788708804.7158995,156,2,2,2,1,True,0.3,"[{""can_id"": 1, ""confidence"": 0.9999728202819824, ""last_seen_at"": 1788708804.6829648, ""observations"": 46, ""position"": {""x_m"": -0.004167787978646173, ""y_m"": 0.21766188484290017}}]",0,0.993636429309845,79.02979850769043,144.30348587036133,-0.2530318796634674
1788708804.7158995,156,2,2,2,1,True,0.3,"[{""can_id"": 1, ""confidence"": 0.9999728202819824, ""last_seen_at"": 1788708804.6829648, ""observations"": 46, ""position"": {""x_m"": -0.004167787978646173, ""y_m"": 0.21766188484290017}}]",1,0.7024025321006775,179.7221221923828,129.00933074951172,0.061631631851196286
1788708805.150748,157,2,2,2,1,True,0.3,"[{""can_id"": 1, ""confidence"": 0.9999728202819824, ""last_seen_at"": 1788708805.118342, ""observations"": 48, ""position"": {""x_m"": -0.005370795076683827, ""y_m"": 0.21638602378412064}}]",0,0.5095203518867493,41.61081099510193,155.1879653930664,-0.36996621564030646
1788708805.150748,157,2,2,2,1,True,0.3,"[{""can_id"": 1, ""confidence"": 0.9999728202819824, ""last_seen_at"": 1788708805.118342, ""observations"": 48, ""position"": {""x_m"": -0.005370795076683827, ""y_m"": 0.21638602378412064}}]",1,0.8998278379440308,169.95128631591797,132.17020797729492,0.031097769737243652
1788708805.5846958,158,1,2,1,1,True,0.3,"[{""can_id"": 1, ""confidence"": 0.9999728202819824, ""last_seen_at"": 1788708805.553353, ""observations"": 49, ""position"": {""x_m"": -0.0052686930713062765, ""y_m"": 0.2162317405738874}}]",0,0.9995850920677185,159.46179962158203,135.6927604675293,-0.0016818761825561524
1788708806.0200908,159,1,2,1,1,True,0.3,"[{""can_id"": 1, ""confidence"": 0.9999728202819824, ""last_seen_at"": 1788708805.9880984, ""observations"": 50, ""position"": {""x_m"": -0.005183264409588795, ""y_m"": 0.21625434241785146}}]",0,0.999683678150177,158.59801483154297,137.20563125610352,-0.004381203651428222
1788708806.4532588,160,1,2,1,1,True,0.3,"[{""can_id"": 1, ""confidence"": 0.9999728202819824, ""last_seen_at"": 1788708806.4213269, ""observations"": 51, ""position"": {""x_m"": -0.0050952940516792306, ""y_m"": 0.21627348817581524}}]",0,0.9996471405029297,159.0198516845703,136.45019912719727,-0.0030629634857177734
1788708806.885338,161,1,2,1,1,True,0.3,"[{""can_id"": 1, ""confidence"": 0.9999728202819824, ""last_seen_at"": 1788708806.8548079, ""observations"": 52, ""position"": {""x_m"": -0.005009412949592747, ""y_m"": 0.21624205576701583}}]",0,0.9998136758804321,159.10382843017578,136.7833366394043,-0.0028005361557006834
1788708807.3182113,162,1,2,1,1,True,0.3,"[{""can_id"": 1, ""confidence"": 0.9999728202819824, ""last_seen_at"": 1788708807.2863476, ""observations"": 53, ""position"": {""x_m"": -0.004932427068051298, ""y_m"": 0.21633074786476078}}]",0,0.9997667670249939,158.7149200439453,136.8776741027832,-0.004015874862670898
1788708807.7517414,163,1,2,1,1,True,0.3,"[{""can_id"": 1, ""confidence"": 0.9999728202819824, ""last_seen_at"": 1788708807.7200353, ""observations"": 54, ""position"": {""x_m"": -0.004851801096227666, ""y_m"": 0.2164544731133435}}]",0,0.9997681975364685,159.2071533203125,136.69300079345703,-0.0024776458740234375
1788708808.1860354,164,1,2,1,1,True,0.3,"[{""can_id"": 1, ""confidence"": 0.9999728202819824, ""last_seen_at"": 1788708808.1550798, ""observations"": 55, ""position"": {""x_m"": -0.004777372074453268, ""y_m"": 0.21647764956870064}}]",0,0.9997957944869995,158.93588256835938,137.43263244628906,-0.003325366973876953
1788708808.6207554,165,1,2,1,1,True,0.3,"[{""can_id"": 1, ""confidence"": 0.9999728202819824, ""last_seen_at"": 1788708808.5892613, ""observations"": 56, ""position"": {""x_m"": -0.004706918086814172, ""y_m"": 0.21644799911693788}}]",0,0.9998352527618408,158.81655883789062,137.61767578125,-0.003698253631591797
1788708809.0541813,166,1,2,1,1,True,0.3,"[{""can_id"": 1, ""confidence"": 0.9999728202819824, ""last_seen_at"": 1788708809.0233705, ""observations"": 57, ""position"": {""x_m"": -0.004463376400269414, ""y_m"": 0.21573401723539848}}]",0,0.9960699081420898,175.93798828125,136.376953125,0.04980621337890625
1788708809.4877915,167,2,2,2,1,True,0.3,"[{""can_id"": 1, ""confidence"": 0.9999728202819824, ""last_seen_at"": 1788708809.4545586, ""observations"": 59, ""position"": {""x_m"": -0.0043368500069435175, ""y_m"": 0.215188013328772}}]",0,0.9680808186531067,101.06999969482422,136.0234718322754,-0.18415625095367433
1788708809.4877915,167,2,2,2,1,True,0.3,"[{""can_id"": 1, ""confidence"": 0.9999728202819824, ""last_seen_at"": 1788708809.4545586, ""observations"": 59, ""position"": {""x_m"": -0.0043368500069435175, ""y_m"": 0.215188013328772}}]",1,0.826151430606842,212.9537353515625,125.33229064941406,0.1654804229736328
1788708809.9243085,168,2,2,2,1,True,0.3,"[{""can_id"": 1, ""confidence"": 0.9999728202819824, ""last_seen_at"": 1788708809.89033, ""observations"": 61, ""position"": {""x_m"": -0.004012671266566839, ""y_m"": 0.21597798918767935}}]",0,0.9921992421150208,116.62442016601562,135.28750610351562,-0.13554868698120118
1788708809.9243085,168,2,2,2,1,True,0.3,"[{""can_id"": 1, ""confidence"": 0.9999728202819824, ""last_seen_at"": 1788708809.89033, ""observations"": 61, ""position"": {""x_m"": -0.004012671266566839, ""y_m"": 0.21597798918767935}}]",1,0.298951655626297,213.25243377685547,127.58367538452148,0.16641385555267335
1788708810.3605213,169,2,2,2,1,True,0.3,"[{""can_id"": 1, ""confidence"": 0.9999728202819824, ""last_seen_at"": 1788708810.3264184, ""observations"": 63, ""position"": {""x_m"": -0.0036899567911065985, ""y_m"": 0.21677498820596347}}]",0,0.9691786766052246,116.08299255371094,136.29080200195312,-0.13724064826965332
1788708810.3605213,169,2,2,2,1,True,0.3,"[{""can_id"": 1, ""confidence"": 0.9999728202819824, ""last_seen_at"": 1788708810.3264184, ""observations"": 63, ""position"": {""x_m"": -0.0036899567911065985, ""y_m"": 0.21677498820596347}}]",1,0.4027884602546692,214.23089599609375,126.91627883911133,0.16947154998779296
1788708810.7958775,170,2,2,2,1,True,0.3,"[{""can_id"": 1, ""confidence"": 0.9999728202819824, ""last_seen_at"": 1788708810.7618697, ""observations"": 65, ""position"": {""x_m"": -0.0033947401344613212, ""y_m"": 0.21752361035376472}}]",0,0.98514324426651,116.8070068359375,134.77795028686523,-0.1349781036376953
1788708810.7958775,170,2,2,2,1,True,0.3,"[{""can_id"": 1, ""confidence"": 0.9999728202819824, ""last_seen_at"": 1788708810.7618697, ""observations"": 65, ""position"": {""x_m"": -0.0033947401344613212, ""y_m"": 0.21752361035376472}}]",1,0.3044421970844269,214.0595474243164,126.72335433959961,0.16893608570098878
1788708811.2320993,171,2,2,2,1,True,0.3,"[{""can_id"": 1, ""confidence"": 0.9999728202819824, ""last_seen_at"": 1788708811.1973226, ""observations"": 67, ""position"": {""x_m"": -0.0031091433878490974, ""y_m"": 0.21817182846393277}}]",0,0.9599125981330872,117.2077865600586,136.00144577026367,-0.1337256669998169
1788708811.2320993,171,2,2,2,1,True,0.3,"[{""can_id"": 1, ""confidence"": 0.9999728202819824, ""last_seen_at"": 1788708811.1973226, ""observations"": 67, ""position"": {""x_m"": -0.0031091433878490974, ""y_m"": 0.21817182846393277}}]",1,0.41122907400131226,213.9039306640625,127.83633422851562,0.1684497833251953
1788708811.6713405,172,2,2,2,1,True,0.3,"[{""can_id"": 1, ""confidence"": 0.9999728202819824, ""last_seen_at"": 1788708811.636041, ""observations"": 69, ""position"": {""x_m"": -0.002825394650512207, ""y_m"": 0.21879671737768078}}]",0,0.9583432078361511,117.18050003051758,136.4152717590332,-0.13381093740463257
1788708811.6713405,172,2,2,2,1,True,0.3,"[{""can_id"": 1, ""confidence"": 0.9999728202819824, ""last_seen_at"": 1788708811.636041, ""observations"": 69, ""position"": {""x_m"": -0.002825394650512207, ""y_m"": 0.21879671737768078}}]",1,0.40480151772499084,214.39602661132812,127.25645065307617,0.16998758316040039
1788708812.1070325,173,2,2,2,1,True,0.3,"[{""can_id"": 1, ""confidence"": 0.9999728202819824, ""last_seen_at"": 1788708812.0723643, ""observations"": 71, ""position"": {""x_m"": -0.0025540835510703607, ""y_m"": 0.2193986923208927}}]",0,0.9495291709899902,116.81003189086914,136.07741165161133,-0.13496865034103395
1788708812.1070325,173,2,2,2,1,True,0.3,"[{""can_id"": 1, ""confidence"": 0.9999728202819824, ""last_seen_at"": 1788708812.0723643, ""observations"": 71, ""position"": {""x_m"": -0.0025540835510703607, ""y_m"": 0.2193986923208927}}]",1,0.3594062924385071,213.9296417236328,126.80626678466797,0.16853013038635253
1788708812.5442657,174,2,2,2,1,True,0.3,"[{""can_id"": 1, ""confidence"": 0.9999728202819824, ""last_seen_at"": 1788708812.5105677, ""observations"": 73, ""position"": {""x_m"": -0.0023155108779148916, ""y_m"": 0.21981658627168763}}]",0,0.9742394685745239,116.56893157958984,135.4868049621582,-0.13572208881378173
1788708812.5442657,174,2,2,2,1,True,0.3,"[{""can_id"": 1, ""confidence"": 0.9999728202819824, ""last_seen_at"": 1788708812.5105677, ""observations"": 73, ""position"": {""x_m"": -0.0023155108779148916, ""y_m"": 0.21981658627168763}}]",1,0.3082292675971985,213.79048919677734,127.45584106445312,0.1680952787399292
1788708812.9793134,175,2,2,2,1,True,0.3,"[{""can_id"": 1, ""confidence"": 0.9999728202819824, ""last_seen_at"": 1788708812.9469259, ""observations"": 75, ""position"": {""x_m"": -0.00207442291632357, ""y_m"": 0.220339793552767}}]",0,0.9765576720237732,116.8831558227539,135.87065505981445,-0.13474013805389404
1788708812.9793134,175,2,2,2,1,True,0.3,"[{""can_id"": 1, ""confidence"": 0.9999728202819824, ""last_seen_at"": 1788708812.9469259, ""observations"": 75, ""position"": {""x_m"": -0.00207442291632357, ""y_m"": 0.220339793552767}}]",1,0.33918434381484985,213.79566192626953,127.49292373657227,0.16811144351959229
1788708813.4154494,176,2,2,2,1,True,0.3,"[{""can_id"": 1, ""confidence"": 0.9999728202819824, ""last_seen_at"": 1788708813.381983, ""observations"": 77, ""position"": {""x_m"": -0.0018565066680567282, ""y_m"": 0.2210265514509485}}]",0,0.9761973023414612,116.63256072998047,135.25189590454102,-0.13552324771881102
1788708813.4154494,176,2,2,2,1,True,0.3,"[{""can_id"": 1, ""confidence"": 0.9999728202819824, ""last_seen_at"": 1788708813.381983, ""observations"": 77, ""position"": {""x_m"": -0.0018565066680567282, ""y_m"": 0.2210265514509485}}]",1,0.3687891960144043,213.76455688476562,126.98330307006836,0.1680142402648926
1788708813.8521297,177,2,2,2,1,True,0.3,"[{""can_id"": 1, ""confidence"": 0.9999728202819824, ""last_seen_at"": 1788708813.8193614, ""observations"": 79, ""position"": {""x_m"": -0.0016233193056904725, ""y_m"": 0.2214365729580632}}]",0,0.9718859195709229,117.21662139892578,136.2729034423828,-0.13369805812835694
1788708813.8521297,177,2,2,2,1,True,0.3,"[{""can_id"": 1, ""confidence"": 0.9999728202819824, ""last_seen_at"": 1788708813.8193614, ""observations"": 79, ""position"": {""x_m"": -0.0016233193056904725, ""y_m"": 0.2214365729580632}}]",1,0.3017091155052185,213.9765396118164,127.66439056396484,0.16867668628692628
1788708814.2895637,178,2,2,2,1,True,0.3,"[{""can_id"": 1, ""confidence"": 0.9999728202819824, ""last_seen_at"": 1788708814.2551575, ""observations"": 81, ""position"": {""x_m"": -0.001421825430683227, ""y_m"": 0.2218050369931745}}]",0,0.948441743850708,116.80109405517578,136.3851547241211,-0.13499658107757567
1788708814.2895637,178,2,2,2,1,True,0.3,"[{""can_id"": 1, ""confidence"": 0.9999728202819824, ""last_seen_at"": 1788708814.2551575, ""observations"": 81, ""position"": {""x_m"": -0.001421825430683227, ""y_m"": 0.2218050369931745}}]",1,0.4573184549808502,214.00181579589844,127.47222518920898,0.1687556743621826
1788708814.7260468,179,2,2,2,1,True,0.3,"[{""can_id"": 1, ""confidence"": 0.9999728202819824, ""last_seen_at"": 1788708814.6918387, ""observations"": 83, ""position"": {""x_m"": -0.001219904231950676, ""y_m"": 0.22263026267286226}}]",0,0.9549003839492798,116.6457633972168,135.57655334472656,-0.13548198938369752
1788708814.7260468,179,2,2,2,1,True,0.3,"[{""can_id"": 1, ""confidence"": 0.9999728202819824, ""last_seen_at"": 1788708814.6918387, ""observations"": 83, ""position"": {""x_m"": -0.001219904231950676, ""y_m"": 0.22263026267286226}}]",1,0.4212690591812134,214.19395446777344,127.39506149291992,0.169356107711792
1788708815.1615314,180,2,2,2,1,True,0.3,"[{""can_id"": 1, ""confidence"": 0.9999728202819824, ""last_seen_at"": 1788708815.126947, ""observations"": 85, ""position"": {""x_m"": -0.0010298817931262934, ""y_m"": 0.22360398413658095}}]",0,0.9274948239326477,117.12180709838867,136.06293106079102,-0.1339943528175354
1788708815.1615314,180,2,2,2,1,True,0.3,"[{""can_id"": 1, ""confidence"": 0.9999728202819824, ""last_seen_at"": 1788708815.126947, ""observations"": 85, ""position"": {""x_m"": -0.0010298817931262934, ""y_m"": 0.22360398413658095}}]",1,0.3871254026889801,214.05323028564453,127.51103973388672,0.16891634464263916
1788708815.601489,181,2,2,2,1,True,0.3,"[{""can_id"": 1, ""confidence"": 0.9999728202819824, ""last_seen_at"": 1788708815.5659316, ""observations"": 87, ""position"": {""x_m"": -0.0008599885070662374, ""y_m"": 0.2240280190587615}}]",0,0.9533185362815857,117.00008010864258,135.4437484741211,-0.13437474966049195
1788708815.601489,181,2,2,2,1,True,0.3,"[{""can_id"": 1, ""confidence"": 0.9999728202819824, ""last_seen_at"": 1788708815.5659316, ""observations"": 87, ""position"": {""x_m"": -0.0008599885070662374, ""y_m"": 0.2240280190587615}}]",1,0.41774648427963257,214.63147735595703,128.22002410888672,0.1707233667373657
1788708816.0390522,182,2,2,2,1,True,0.3,"[{""can_id"": 1, ""confidence"": 0.9999728202819824, ""last_seen_at"": 1788708816.0047033, ""observations"": 89, ""position"": {""x_m"": -0.0006986345290040828, ""y_m"": 0.22440471286745917}}]",0,0.9414929151535034,117.06636047363281,134.752197265625,-0.13416762351989747
1788708816.0390522,182,2,2,2,1,True,0.3,"[{""can_id"": 1, ""confidence"": 0.9999728202819824, ""last_seen_at"": 1788708816.0047033, ""observations"": 89, ""position"": {""x_m"": -0.0006986345290040828, ""y_m"": 0.22440471286745917}}]",1,0.39133328199386597,214.47901916503906,128.1045684814453,0.17024693489074708
1788708816.475446,183,2,2,2,1,True,0.3,"[{""can_id"": 1, ""confidence"": 0.9999728202819824, ""last_seen_at"": 1788708816.4420764, ""observations"": 91, ""position"": {""x_m"": -0.0005412918367505805, ""y_m"": 0.22466274250618948}}]",0,0.9470881819725037,116.90726089477539,135.7210922241211,-0.1346648097038269
1788708816.475446,183,2,2,2,1,True,0.3,"[{""can_id"": 1, ""confidence"": 0.9999728202819824, ""last_seen_at"": 1788708816.4420764, ""observations"": 91, ""position"": {""x_m"": -0.0005412918367505805, ""y_m"": 0.22466274250618948}}]",1,0.4135807752609253,214.1280975341797,127.74197769165039,0.16915030479431153
1788708816.9104187,184,2,2,2,1,True,0.3,"[{""can_id"": 1, ""confidence"": 0.9999728202819824, ""last_seen_at"": 1788708816.8773327, ""observations"": 93, ""position"": {""x_m"": -0.00038717277090912655, ""y_m"": 0.22537329283294766}}]",0,0.9646891355514526,117.14591217041016,135.68890380859375,-0.13391902446746826
1788708816.9104187,184,2,2,2,1,True,0.3,"[{""can_id"": 1, ""confidence"": 0.9999728202819824, ""last_seen_at"": 1788708816.8773327, ""observations"": 93, ""position"": {""x_m"": -0.00038717277090912655, ""y_m"": 0.22537329283294766}}]",1,0.32824674248695374,213.6907958984375,127.3988151550293,0.1677837371826172
1788708817.344604,185,2,2,2,1,True,0.3,"[{""can_id"": 1, ""confidence"": 0.9999728202819824, ""last_seen_at"": 1788708817.3112695, ""observations"": 95, ""position"": {""x_m"": -0.0002519312462782874, ""y_m"": 0.22579830864893705}}]",0,0.9592307209968567,116.5516471862793,135.14451599121094,-0.1357761025428772
1788708817.344604,185,2,2,2,1,True,0.3,"[{""can_id"": 1, ""confidence"": 0.9999728202819824, ""last_seen_at"": 1788708817.3112695, ""observations"": 95, ""position"": {""x_m"": -0.0002519312462782874, ""y_m"": 0.22579830864893705}}]",1,0.5176623463630676,214.39757537841797,128.20654678344727,0.16999242305755616
1788708817.7821028,186,2,2,2,1,True,0.3,"[{""can_id"": 1, ""confidence"": 0.9999728202819824, ""last_seen_at"": 1788708817.7471113, ""observations"": 97, ""position"": {""x_m"": -0.00011483712145760794, ""y_m"": 0.2260812156524077}}]",0,0.9550683498382568,116.71892929077148,135.60078048706055,-0.13525334596633912
1788708817.7821028,186,2,2,2,1,True,0.3,"[{""can_id"": 1, ""confidence"": 0.9999728202819824, ""last_seen_at"": 1788708817.7471113, ""observations"": 97, ""position"": {""x_m"": -0.00011483712145760794, ""y_m"": 0.2260812156524077}}]",1,0.4248146116733551,214.12538146972656,127.24739837646484,0.1691418170928955
1788708818.2194073,187,2,2,2,1,True,0.3,"[{""can_id"": 1, ""confidence"": 0.9999728202819824, ""last_seen_at"": 1788708818.1856413, ""observations"": 99, ""position"": {""x_m"": 2.5157586005467194e-05, ""y_m"": 0.22651608633059112}}]",0,0.9375547170639038,117.02217483520508,136.02597045898438,-0.13430570363998412
1788708818.2194073,187,2,2,2,1,True,0.3,"[{""can_id"": 1, ""confidence"": 0.9999728202819824, ""last_seen_at"": 1788708818.1856413, ""observations"": 99, ""position"": {""x_m"": 2.5157586005467194e-05, ""y_m"": 0.22651608633059112}}]",1,0.3821558356285095,214.3094253540039,127.7596664428711,0.1697169542312622
1788708818.65564,188,2,2,2,1,True,0.3,"[{""can_id"": 1, ""confidence"": 0.9999728202819824, ""last_seen_at"": 1788708818.6220272, ""observations"": 101, ""position"": {""x_m"": 0.0001660537929704819, ""y_m"": 0.22696170441270844}}]",0,0.9627782702445984,116.64566802978516,135.77910614013672,-0.1354822874069214
1788708818.65564,188,2,2,2,1,True,0.3,"[{""can_id"": 1, ""confidence"": 0.9999728202819824, ""last_seen_at"": 1788708818.6220272, ""observations"": 101, ""position"": {""x_m"": 0.0001660537929704819, ""y_m"": 0.22696170441270844}}]",1,0.4630799889564514,214.2931900024414,127.44601440429688,0.16966621875762938
1788708819.0922842,189,2,2,2,1,True,0.3,"[{""can_id"": 1, ""confidence"": 0.9999728202819824, ""last_seen_at"": 1788708819.05839, ""observations"": 103, ""position"": {""x_m"": 0.0002973015251280049, ""y_m"": 0.22732783937064607}}]",0,0.9428233504295349,117.32989501953125,136.1826171875,-0.13334407806396484
1788708819.0922842,189,2,2,2,1,True,0.3,"[{""can_id"": 1, ""confidence"": 0.9999728202819824, ""last_seen_at"": 1788708819.05839, ""observations"": 103, ""position"": {""x_m"": 0.0002973015251280049, ""y_m"": 0.22732783937064607}}]",1,0.42089712619781494,214.4736099243164,128.09603118896484,0.17023003101348877
1788708819.5277283,190,2,2,2,1,True,0.3,"[{""can_id"": 1, ""confidence"": 0.9999728202819824, ""last_seen_at"": 1788708819.4938335, ""observations"": 105, ""position"": {""x_m"": 0.00042934437747652927, ""y_m"": 0.2277467458677734}}]",0,0.9513686299324036,117.02797317504883,135.5146598815918,-0.1342875838279724
1788708819.5277283,190,2,2,2,1,True,0.3,"[{""can_id"": 1, ""confidence"": 0.9999728202819824, ""last_seen_at"": 1788708819.4938335, ""observations"": 105, ""position"": {""x_m"": 0.00042934437747652927, ""y_m"": 0.2277467458677734}}]",1,0.41739019751548767,214.36715698242188,128.14311599731445,0.16989736557006835
1788708819.9627447,191,2,2,2,1,True,0.3,"[{""can_id"": 1, ""confidence"": 0.9999728202819824, ""last_seen_at"": 1788708819.9290159, ""observations"": 107, ""position"": {""x_m"": 0.0005536077649112567, ""y_m"": 0.22812404094361194}}]",0,0.9621431827545166,116.81584548950195,136.0359115600586,-0.1349504828453064
1788708819.9627447,191,2,2,2,1,True,0.3,"[{""can_id"": 1, ""confidence"": 0.9999728202819824, ""last_seen_at"": 1788708819.9290159, ""observations"": 107, ""position"": {""x_m"": 0.0005536077649112567, ""y_m"": 0.22812404094361194}}]",1,0.4565308690071106,214.03382873535156,127.79821014404297,0.16885571479797362
1788708820.4010456,192,2,2,2,1,True,0.3,"[{""can_id"": 1, ""confidence"": 0.9999728202819824, ""last_seen_at"": 1788708820.3663151, ""observations"": 109, ""position"": {""x_m"": 0.0006671642677144, ""y_m"": 0.22844599466922527}}]",0,0.9602867960929871,117.10171508789062,135.48220825195312,-0.1340571403503418
1788708820.4010456,192,2,2,2,1,True,0.3,"[{""can_id"": 1, ""confidence"": 0.9999728202819824, ""last_seen_at"": 1788708820.3663151, ""observations"": 109, ""position"": {""x_m"": 0.0006671642677144, ""y_m"": 0.22844599466922527}}]",1,0.45719730854034424,214.4510498046875,127.70552825927734,0.17015953063964845
1788708820.83827,193,2,2,2,1,True,0.3,"[{""can_id"": 1, ""confidence"": 0.9999728202819824, ""last_seen_at"": 1788708820.8044372, ""observations"": 111, ""position"": {""x_m"": 0.0007742482058156497, ""y_m"": 0.22879944209890854}}]",0,0.9834862947463989,116.5818862915039,134.5737533569336,-0.1356816053390503
1788708820.83827,193,2,2,2,1,True,0.3,"[{""can_id"": 1, ""confidence"": 0.9999728202819824, ""last_seen_at"": 1788708820.8044372, ""observations"": 111, ""position"": {""x_m"": 0.0007742482058156497, ""y_m"": 0.22879944209890854}}]",1,0.39590758085250854,214.53404998779297,126.78823471069336,0.17041890621185302
1788708821.27732,194,2,2,2,1,True,0.3,"[{""can_id"": 1, ""confidence"": 0.9999728202819824, ""last_seen_at"": 1788708821.2443583, ""observations"": 113, ""position"": {""x_m"": 0.0008896704215218444, ""y_m"": 0.2291521734146731}}]",0,0.9656736254692078,117.11056137084961,134.4213752746582,-0.13402949571609496
1788708821.27732,194,2,2,2,1,True,0.3,"[{""can_id"": 1, ""confidence"": 0.9999728202819824, ""last_seen_at"": 1788708821.2443583, ""observations"": 113, ""position"": {""x_m"": 0.0008896704215218444, ""y_m"": 0.2291521734146731}}]",1,0.35355374217033386,214.20455169677734,127.52154541015625,0.1693892240524292
1788708821.712627,195,2,2,2,1,True,0.3,"[{""can_id"": 1, ""confidence"": 0.9999728202819824, ""last_seen_at"": 1788708821.6782162, ""observations"": 115, ""position"": {""x_m"": 0.0009861990031575403, ""y_m"": 0.22941195882681753}}]",0,0.9448931217193604,117.13789749145508,136.14701461791992,-0.1339440703392029
1788708821.712627,195,2,2,2,1,True,0.3,"[{""can_id"": 1, ""confidence"": 0.9999728202819824, ""last_seen_at"": 1788708821.6782162, ""observations"": 115, ""position"": {""x_m"": 0.0009861990031575403, ""y_m"": 0.22941195882681753}}]",1,0.4873073995113373,214.0352783203125,127.767822265625,0.16886024475097655
1788708822.1470218,196,2,2,2,1,True,0.3,"[{""can_id"": 1, ""confidence"": 0.9999728202819824, ""last_seen_at"": 1788708822.114627, ""observations"": 117, ""position"": {""x_m"": 0.0010816990197299323, ""y_m"": 0.22962881893676612}}]",0,0.9519079923629761,116.8188705444336,135.60834884643555,-0.134941029548645
1788708822.1470218,196,2,2,2,1,True,0.3,"[{""can_id"": 1, ""confidence"": 0.9999728202819824, ""last_seen_at"": 1788708822.114627, ""observations"": 117, ""position"": {""x_m"": 0.0010816990197299323, ""y_m"": 0.22962881893676612}}]",1,0.35867589712142944,214.0748748779297,127.15250396728516,0.16898398399353026
1788708822.5827587,197,2,2,2,1,True,0.3,"[{""can_id"": 1, ""confidence"": 0.9999728202819824, ""last_seen_at"": 1788708822.549842, ""observations"": 119, ""position"": {""x_m"": 0.0011809837646530785, ""y_m"": 0.23000926855647488}}]",0,0.9512782096862793,117.3538589477539,135.50371170043945,-0.13326919078826904
1788708822.5827587,197,2,2,2,1,True,0.3,"[{""can_id"": 1, ""confidence"": 0.9999728202819824, ""last_seen_at"": 1788708822.549842, ""observations"": 119, ""position"": {""x_m"": 0.0011809837646530785, ""y_m"": 0.23000926855647488}}]",1,0.46223029494285583,213.98783111572266,127.55874252319336,0.1687119722366333
1788708823.0210426,198,2,2,2,1,True,0.3,"[{""can_id"": 1, ""confidence"": 0.9999728202819824, ""last_seen_at"": 1788708822.9865868, ""observations"": 121, ""position"": {""x_m"": 0.0012810776361519473, ""y_m"": 0.23020659356231984}}]",0,0.9430860280990601,116.51020812988281,135.67854690551758,-0.13590559959411622
1788708823.0210426,198,2,2,2,1,True,0.3,"[{""can_id"": 1, ""confidence"": 0.9999728202819824, ""last_seen_at"": 1788708822.9865868, ""observations"": 121, ""position"": {""x_m"": 0.0012810776361519473, ""y_m"": 0.23020659356231984}}]",1,0.33754464983940125,213.9476776123047,127.01346969604492,0.16858649253845215
1788708823.455994,199,2,2,2,1,True,0.3,"[{""can_id"": 1, ""confidence"": 0.9999728202819824, ""last_seen_at"": 1788708823.4235482, ""observations"": 123, ""position"": {""x_m"": 0.0013697529619189493, ""y_m"": 0.23043516587731722}}]",0,0.9668827652931213,117.2696533203125,134.9190673828125,-0.13353233337402343
1788708823.455994,199,2,2,2,1,True,0.3,"[{""can_id"": 1, ""confidence"": 0.9999728202819824, ""last_seen_at"": 1788708823.4235482, ""observations"": 123, ""position"": {""x_m"": 0.0013697529619189493, ""y_m"": 0.23043516587731722}}]",1,0.38510000705718994,214.27783203125,127.5578498840332,0.16961822509765626
1788708823.8913186,200,2,2,2,1,True,0.3,"[{""can_id"": 1, ""confidence"": 0.9999728202819824, ""last_seen_at"": 1788708823.8575027, ""observations"": 125, ""position"": {""x_m"": 0.001458548151792865, ""y_m"": 0.23064429488141086}}]",0,0.9627432227134705,117.47294998168945,135.83559799194336,-0.13289703130722047
1788708823.8913186,200,2,2,2,1,True,0.3,"[{""can_id"": 1, ""confidence"": 0.9999728202819824, ""last_seen_at"": 1788708823.8575027, ""observations"": 125, ""position"": {""x_m"": 0.001458548151792865, ""y_m"": 0.23064429488141086}}]",1,0.3618831932544708,214.32655334472656,127.50241088867188,0.1697704792022705
1788708824.327213,201,2,2,2,1,True,0.3,"[{""can_id"": 1, ""confidence"": 0.9999728202819824, ""last_seen_at"": 1788708824.2944827, ""observations"": 127, ""position"": {""x_m"": 0.0015382857855072592, ""y_m"": 0.2308902946160089}}]",0,0.9520419239997864,117.31385803222656,134.14013671875,-0.133394193649292
1788708824.327213,201,2,2,2,1,True,0.3,"[{""can_id"": 1, ""confidence"": 0.9999728202819824, ""last_seen_at"": 1788708824.2944827, ""observations"": 127, ""position"": {""x_m"": 0.0015382857855072592, ""y_m"": 0.2308902946160089}}]",1,0.39924055337905884,213.96212005615234,127.95847702026367,0.16863162517547609
1788708824.764267,202,2,2,2,1,True,0.3,"[{""can_id"": 1, ""confidence"": 0.9999728202819824, ""last_seen_at"": 1788708824.7299, ""observations"": 129, ""position"": {""x_m"": 0.001620523892406429, ""y_m"": 0.23108885284968958}}]",0,0.9201462268829346,117.10171508789062,136.21454620361328,-0.1340571403503418
1788708824.764267,202,2,2,2,1,True,0.3,"[{""can_id"": 1, ""confidence"": 0.9999728202819824, ""last_seen_at"": 1788708824.7299, ""observations"": 129, ""position"": {""x_m"": 0.001620523892406429, ""y_m"": 0.23108885284968958}}]",1,0.43758314847946167,214.68109130859375,127.49663162231445,0.17087841033935547
1788708825.202601,203,2,2,2,1,True,0.3,"[{""can_id"": 1, ""confidence"": 0.9999728202819824, ""last_seen_at"": 1788708825.1677706, ""observations"": 131, ""position"": {""x_m"": 0.0017008440520021324, ""y_m"": 0.23142458133596844}}]",0,0.9721250534057617,116.53763580322266,134.90252304077148,-0.1358198881149292
1788708825.202601,203,2,2,2,1,True,0.3,"[{""can_id"": 1, ""confidence"": 0.9999728202819824, ""last_seen_at"": 1788708825.1677706, ""observations"": 131, ""position"": {""x_m"": 0.0017008440520021324, ""y_m"": 0.23142458133596844}}]",1,0.4271129369735718,213.79928588867188,127.53276062011719,0.1681227684020996
1788708825.636617,204,2,2,2,1,True,0.3,"[{""can_id"": 1, ""confidence"": 0.9999728202819824, ""last_seen_at"": 1788708825.604145, ""observations"": 133, ""position"": {""x_m"": 0.0017750457850930048, ""y_m"": 0.23164226764881024}}]",0,0.9565936326980591,117.12057495117188,135.62909317016602,-0.13399820327758788
1788708825.636617,204,2,2,2,1,True,0.3,"[{""can_id"": 1, ""confidence"": 0.9999728202819824, ""last_seen_at"": 1788708825.604145, ""observations"": 133, ""position"": {""x_m"": 0.0017750457850930048, ""y_m"": 0.23164226764881024}}]",1,0.363180935382843,213.9810562133789,127.12261199951172,0.16869080066680908
1788708826.0709698,205,2,2,2,1,True,0.3,"[{""can_id"": 1, ""confidence"": 0.9999728202819824, ""last_seen_at"": 1788708826.038348, ""observations"": 135, ""position"": {""x_m"": 0.001852312574785709, ""y_m"": 0.2318827110289983}}]",0,0.9597620368003845,117.45526885986328,135.85206604003906,-0.13295228481292726
1788708826.0709698,205,2,2,2,1,True,0.3,"[{""can_id"": 1, ""confidence"": 0.9999728202819824, ""last_seen_at"": 1788708826.038348, ""observations"": 135, ""position"": {""x_m"": 0.001852312574785709, ""y_m"": 0.2318827110289983}}]",1,0.40855690836906433,214.2681884765625,127.67617797851562,0.1695880889892578
1788708826.5086246,206,2,2,2,1,True,0.3,"[{""can_id"": 1, ""confidence"": 0.9999728202819824, ""last_seen_at"": 1788708826.4728503, ""observations"": 137, ""position"": {""x_m"": 0.0019368182759912848, ""y_m"": 0.23208373769593113}}]",0,0.91804039478302,117.33152389526367,135.97349548339844,-0.13333898782730103
1788708826.5086246,206,2,2,2,1,True,0.3,"[{""can_id"": 1, ""confidence"": 0.9999728202819824, ""last_seen_at"": 1788708826.4728503, ""observations"": 137, ""position"": {""x_m"": 0.0019368182759912848, ""y_m"": 0.23208373769593113}}]",1,0.4311649799346924,214.15155029296875,128.49114608764648,0.16922359466552733
1788708826.9442525,207,2,2,2,1,True,0.3,"[{""can_id"": 1, ""confidence"": 0.9999728202819824, ""last_seen_at"": 1788708826.9113245, ""observations"": 139, ""position"": {""x_m"": 0.0020090455654175037, ""y_m"": 0.2321887401671476}}]",0,0.9519079923629761,116.39406204223633,136.139892578125,-0.13626855611801147
1788708826.9442525,207,2,2,2,1,True,0.3,"[{""can_id"": 1, ""confidence"": 0.9999728202819824, ""last_seen_at"": 1788708826.9113245, ""observations"": 139, ""position"": {""x_m"": 0.0020090455654175037, ""y_m"": 0.2321887401671476}}]",1,0.365470826625824,214.4086456298828,127.12847137451172,0.1700270175933838
1788708827.3810854,208,2,2,2,1,True,0.3,"[{""can_id"": 1, ""confidence"": 0.9999728202819824, ""last_seen_at"": 1788708827.3476124, ""observations"": 141, ""position"": {""x_m"": 0.0020911944671472057, ""y_m"": 0.23245923183717157}}]",0,0.9482024908065796,117.29617309570312,135.43539810180664,-0.13344945907592773
1788708827.3810854,208,2,2,2,1,True,0.3,"[{""can_id"": 1, ""confidence"": 0.9999728202819824, ""last_seen_at"": 1788708827.3476124, ""observations"": 141, ""position"": {""x_m"": 0.0020911944671472057, ""y_m"": 0.23245923183717157}}]",1,0.33585435152053833,214.5565948486328,126.71268081665039,0.17048935890197753
1788708827.8165908,209,2,2,2,1,True,0.3,"[{""can_id"": 1, ""confidence"": 0.9999728202819824, ""last_seen_at"": 1788708827.783318, ""observations"": 143, ""position"": {""x_m"": 0.002149347520330634, ""y_m"": 0.232734092297619}}]",0,0.9603239297866821,116.7481575012207,134.41160583496094,-0.1351620078086853
1788708827.8165908,209,2,2,2,1,True,0.3,"[{""can_id"": 1, ""confidence"": 0.9999728202819824, ""last_seen_at"": 1788708827.783318, ""observations"": 143, ""position"": {""x_m"": 0.002149347520330634, ""y_m"": 0.232734092297619}}]",1,0.38375675678253174,214.3040008544922,127.66792297363281,0.1697000026702881
1788708828.2540967,210,2,2,2,1,True,0.3,"[{""can_id"": 1, ""confidence"": 0.9999728202819824, ""last_seen_at"": 1788708828.2200718, ""observations"": 145, ""position"": {""x_m"": 0.0022216214719407348, ""y_m"": 0.23289417941920207}}]",0,0.9496226906776428,117.2431411743164,136.24393463134766,-0.13361518383026122
1788708828.2540967,210,2,2,2,1,True,0.3,"[{""can_id"": 1, ""confidence"": 0.9999728202819824, ""last_seen_at"": 1788708828.2200718, ""observations"": 145, ""position"": {""x_m"": 0.0022216214719407348, ""y_m"": 0.23289417941920207}}]",1,0.3367807865142822,214.60891723632812,127.15242385864258,0.1706528663635254
1788708828.690155,211,2,2,2,1,True,0.3,"[{""can_id"": 1, ""confidence"": 0.9999728202819824, ""last_seen_at"": 1788708828.6579394, ""observations"": 147, ""position"": {""x_m"": 0.0022866570151304456, ""y_m"": 0.23305804572339958}}]",0,0.9654788970947266,116.88958740234375,135.5480842590332,-0.1347200393676758
1788708828.690155,211,2,2,2,1,True,0.3,"[{""can_id"": 1, ""confidence"": 0.9999728202819824, ""last_seen_at"": 1788708828.6579394, ""observations"": 147, ""position"": {""x_m"": 0.0022866570151304456, ""y_m"": 0.23305804572339958}}]",1,0.3752914071083069,214.4916534423828,127.88147354125977,0.1702864170074463
1788708829.125603,212,2,2,2,1,True,0.3,"[{""can_id"": 1, ""confidence"": 0.9999728202819824, ""last_seen_at"": 1788708829.0918126, ""observations"": 149, ""position"": {""x_m"": 0.0023444909527644423, ""y_m"": 0.23324846960645956}}]",0,0.9510514140129089,116.75361251831055,136.26897430419922,-0.13514496088027955
1788708829.125603,212,2,2,2,1,True,0.3,"[{""can_id"": 1, ""confidence"": 0.9999728202819824, ""last_seen_at"": 1788708829.0918126, ""observations"": 149, ""position"": {""x_m"": 0.0023444909527644423, ""y_m"": 0.23324846960645956}}]",1,0.414247065782547,213.9134063720703,127.66453552246094,0.16847939491271974
